Borough,SEX,RACE/ETHNICITY,TOTAL NUMBER OF HIV DIAGNOSES,"HIV DIAGNOSES PER 100,000 POPULATION",TOTAL NUMBER OF CONCURRENT HIV/AIDS DIAGNOSES,PROPORTION OF CONCURRENT HIV/AIDS DIAGNOSES AMONG ALL HIV DIAGNOSES,TOTAL NUMBER OF AIDS DIAGNOSES,"AIDS DIAGNOSES PER 100,000 POPULATION"
Bronx,Female,Black,76,39.3,16,21.1,59,30.5
Bronx,Female,Latino/Hispanic,59,16.9,9,15.3,56,16
Bronx,Female,White,2,3.2,0,0,3,4.8
Bronx,Male,"Asian/Pacific
Islander",8,35.3,1,12.5,2,8.8
Bronx,Male,Black,158,100.4,40,25.3,103,65.4
Bronx,Male,Latino/Hispanic,172,57.9,27,15.7,104,35
Bronx,Male,Other/Unknown,3,50.5,1,33.3,2,33.7
Bronx,Male,White,11,18.9,0,0,6,10.3
Bronx,Female,Black,10,38.7,0,0,10,38.7
Bronx,Female,Latino/Hispanic,14,22,2,14.3,12,18.9
Bronx,Female,White,2,130.6,0,0,0,0
Bronx,Male,Black,26,115.7,7,26.9,13,57.9
Bronx,Male,Latino/Hispanic,34,64.3,7,20.6,26,49.1
Bronx,Male,White,1,60.9,0,0,2,121.8
Bronx,Female,Black,24,91.7,5,20.8,11,42
Bronx,Female,Latino/Hispanic,12,16.3,2,16.7,8,10.8
Bronx,Male,"Asian/Pacific
Islander",2,45.3,0,0,0,0
Bronx,Male,Black,27,120.7,6,22.2,17,76
Bronx,Male,Latino/Hispanic,37,57.4,7,18.9,23,35.7
Bronx,Male,White,2,23.4,0,0,1,11.7
Bronx,Female,Black,17,55,4,23.5,17,55
Bronx,Female,Latino/Hispanic,8,13.7,0,0,12,20.5
Bronx,Male,Black,32,123.2,10,31.3,25,96.3
Bronx,Male,Latino/Hispanic,35,70.5,6,17.1,21,42.3
Bronx,Male,Other/Unknown,1,122,1,100,1,122
Bronx,Male,White,1,47.8,0,0,1,47.8
Bronx,Female,Black,2,12.1,1,50,5,30.2
Bronx,Female,Latino/Hispanic,9,22.1,1,11.1,9,22.1
Bronx,Male,"Asian/Pacific
Islander",2,394.2,0,0,1,197.1
Bronx,Male,Black,22,154.2,4,18.2,19,133.1
Bronx,Male,Latino/Hispanic,32,88.4,3,9.4,11,30.4
Bronx,Male,White,1,80.9,0,0,0,0
Bronx,Female,Black,2,36.2,1,50,1,18.1
Bronx,Female,Latino/Hispanic,1,5.3,0,0,0,0
Bronx,Male,"Asian/Pacific
Islander",1,60.2,0,0,0,0
Bronx,Male,Black,2,50.2,0,0,0,0
Bronx,Male,Latino/Hispanic,5,33.6,0,0,2,13.5
Bronx,Male,White,3,20.5,0,0,0,0
Bronx,Female,Black,13,22.1,4,30.8,8,13.6
Bronx,Female,Latino/Hispanic,2,8.4,0,0,6,25.1
Bronx,Male,Black,26,58.4,9,34.6,13,29.2
Bronx,Male,Latino/Hispanic,6,30.7,1,16.7,10,51.2
Bronx,Male,White,1,12.3,0,0,2,24.6
Bronx,Female,Black,8,27,1,12.5,7,23.7
Bronx,Female,Latino/Hispanic,13,18.7,4,30.8,9,13
Bronx,Male,"Asian/Pacific
Islander",3,31.5,1,33.3,1,10.5
Bronx,Male,Black,23,96.5,4,17.4,16,67.1
Bronx,Male,Latino/Hispanic,23,38.6,3,13,11,18.5
Bronx,Male,Other/Unknown,2,128.8,0,0,0,0
Bronx,Male,White,2,9.2,0,0,0,0
Brooklyn,Female,"Asian/Pacific
Islander",5,3.6,1,20,1,0.7
Brooklyn,Female,Black,113,29.6,23,20.4,77,20.1
Brooklyn,Female,Latino/Hispanic,21,10.1,6,28.6,15,7.2
Brooklyn,Female,Other/Unknown,1,5.2,0,0,0,0
Brooklyn,Female,White,6,1.5,3,50,8,2
Brooklyn,Male,"Asian/Pacific
Islander",28,21.9,6,21.4,10,7.8
Brooklyn,Male,Black,235,81.7,35,14.9,133,46.2
Brooklyn,Male,Latino/Hispanic,85,43.9,14,16.5,58,30
Brooklyn,Male,Other/Unknown,6,38.5,1,16.7,1,6.4
Brooklyn,Male,White,66,17.4,13,19.7,29,7.6
Brooklyn,Female,Black,31,31.1,8,25.8,25,25.1
Brooklyn,Female,Latino/Hispanic,3,14.4,1,33.3,3,14.4
Brooklyn,Male,"Asian/Pacific
Islander",5,110.6,0,0,0,0
Brooklyn,Male,Black,97,129.7,22,22.7,58,77.5
Brooklyn,Male,Latino/Hispanic,22,131.8,3,13.6,8,47.9
Brooklyn,Male,Other/Unknown,4,201,1,25,1,50.2
Brooklyn,Male,White,8,28.7,1,12.5,1,3.6
Brooklyn,Female,"Asian/Pacific
Islander",1,3.8,0,0,0,0
Brooklyn,Male,"Asian/Pacific
Islander",4,16.5,2,50,4,16.5
Brooklyn,Male,Black,2,118.8,0,0,1,59.4
Brooklyn,Male,Latino/Hispanic,1,7.1,0,0,1,7.1
Brooklyn,Male,White,5,11.8,0,0,3,7.1
Brooklyn,Female,"Asian/Pacific
Islander",1,3.4,1,100,1,3.4
Brooklyn,Female,Latino/Hispanic,1,6.3,1,100,1,6.3
Brooklyn,Male,"Asian/Pacific
Islander",3,10.1,1,33.3,2,6.7
Brooklyn,Male,Black,3,57.7,1,33.3,1,19.2
Brooklyn,Male,Latino/Hispanic,3,17.1,1,33.3,4,22.8
Brooklyn,Male,White,8,11.8,2,25,3,4.4
Brooklyn,Female,Black,17,25.7,0,0,3,4.5
Brooklyn,Female,Latino/Hispanic,2,21.1,0,0,0,0
Brooklyn,Male,Black,15,31.1,0,0,11,22.8
Brooklyn,Male,Latino/Hispanic,3,41.7,0,0,1,13.9
Brooklyn,Female,"Asian/Pacific
Islander",1,4.3,0,0,0,0
Brooklyn,Female,Black,2,20.9,0,0,1,10.5
Brooklyn,Female,Latino/Hispanic,1,6.8,0,0,0,0
Brooklyn,Female,White,3,3.7,2,66.7,3,3.7
Brooklyn,Male,"Asian/Pacific
Islander",2,9,0,0,0,0
Brooklyn,Male,Black,5,80.3,0,0,1,16.1
Brooklyn,Male,Latino/Hispanic,2,14.6,1,50,3,21.8
Brooklyn,Male,White,12,17.3,6,50,9,12.9
Brooklyn,Female,Black,8,41.4,0,0,3,15.5
Brooklyn,Female,Latino/Hispanic,1,5.7,0,0,0,0
Brooklyn,Female,White,1,1.5,1,100,1,1.5
Brooklyn,Male,"Asian/Pacific
Islander",1,11.3,0,0,1,11.3
Brooklyn,Male,Black,9,65.8,0,0,4,29.3
Brooklyn,Male,Latino/Hispanic,5,32.3,0,0,3,19.4
Brooklyn,Male,White,8,13,1,12.5,3,4.9
Brooklyn,Female,Black,31,31.1,11,35.5,24,24.1
Brooklyn,Female,Other/Unknown,1,48.5,0,0,0,0
Brooklyn,Male,Black,45,60,7,15.6,24,32
Brooklyn,Male,Latino/Hispanic,6,51.4,1,16.7,5,42.9
Brooklyn,Male,Other/Unknown,1,68.8,0,0,0,0
Brooklyn,Male,White,4,20.2,1,25,1,5.1
Brooklyn,Female,"Asian/Pacific
Islander",1,25,0,0,0,0
Brooklyn,Female,Black,16,32.6,2,12.5,10,20.4
Brooklyn,Female,Latino/Hispanic,5,16.8,3,60,5,16.8
Brooklyn,Female,White,1,30.6,0,0,1,30.6
Brooklyn,Male,"Asian/Pacific
Islander",3,74.5,0,0,0,0
Brooklyn,Male,Black,29,77.9,3,10.3,18,48.3
Brooklyn,Male,Latino/Hispanic,13,49.7,3,23.1,11,42
Brooklyn,Male,Other/Unknown,1,156.9,0,0,0,0
Brooklyn,Female,White,1,2.6,0,0,0,0
Brooklyn,Male,"Asian/Pacific
Islander",2,64.4,0,0,0,0
Brooklyn,Male,Black,1,48.2,0,0,2,96.4
Brooklyn,Male,Latino/Hispanic,3,23.9,2,66.7,3,23.9
Brooklyn,Male,White,3,7.6,1,33.3,4,10.2
Brooklyn,Female,"Asian/Pacific
Islander",1,5.4,0,0,0,0
Brooklyn,Female,Black,1,80.4,0,0,1,80.4
Brooklyn,Female,Latino/Hispanic,2,10.1,0,0,2,10.1
Brooklyn,Male,"Asian/Pacific
Islander",6,33.9,3,50,3,17
Brooklyn,Male,Black,3,173.7,1,33.3,1,57.9
Brooklyn,Male,Latino/Hispanic,6,27.1,0,0,2,9
Brooklyn,Male,White,4,47.3,1,25,3,35.5
Brooklyn,Female,Black,7,25.7,2,28.6,8,29.4
Brooklyn,Female,Latino/Hispanic,6,15.4,1,16.7,4,10.3
Brooklyn,Male,"Asian/Pacific
Islander",2,38.7,0,0,0,0
Brooklyn,Male,Black,26,119.5,1,3.8,11,50.6
Brooklyn,Male,Latino/Hispanic,21,58.1,3,14.3,17,47
Brooklyn,Male,White,14,59.5,0,0,1,4.3
Manhattan,Female,Black,20,20.7,3,15,17,17.6
Manhattan,Female,Latino/Hispanic,21,11.1,7,33.3,14,7.4
Manhattan,Female,White,5,1.4,0,0,0,0
Manhattan,Male,"Asian/Pacific
Islander",25,31.6,3,12,7,8.9
Manhattan,Male,Black,97,118.1,23,23.7,76,92.5
Manhattan,Male,Latino/Hispanic,134,79.8,11,8.2,63,37.5
Manhattan,Male,Other/Unknown,6,55,1,16.7,1,9.2
Manhattan,Male,White,115,34.1,13,11.3,57,16.9
Manhattan,Female,Black,7,16.4,1,14.3,10,23.5
Manhattan,Female,White,1,6.9,0,0,0,0
Manhattan,Male,"Asian/Pacific
Islander",2,48.2,0,0,1,24.1
Manhattan,Male,Black,39,113.9,11,28.2,28,81.8
Manhattan,Male,Latino/Hispanic,21,119.7,3,14.3,5,28.5
Manhattan,Male,Other/Unknown,2,128.5,0,0,0,0
Manhattan,Male,White,9,63.6,1,11.1,5,35.3
Manhattan,Female,Black,1,27.8,0,0,0,0
Manhattan,Female,Latino/Hispanic,1,9,0,0,0,0
Manhattan,Male,"Asian/Pacific
Islander",7,59.6,1,14.3,1,8.5
Manhattan,Male,Black,9,213.3,1,11.1,11,260.7
Manhattan,Male,Latino/Hispanic,26,222.5,2,7.7,13,111.2
Manhattan,Male,Other/Unknown,1,74.8,0,0,0,0
Manhattan,Male,White,36,74.2,3,8.3,12,24.7
Manhattan,Female,Black,4,24.5,0,0,1,6.1
Manhattan,Female,Latino/Hispanic,3,13.1,1,33.3,2,8.8
Manhattan,Male,"Asian/Pacific
Islander",2,57.1,1,50,2,57.1
Manhattan,Male,Black,17,130.7,3,17.6,17,130.7
Manhattan,Male,Latino/Hispanic,20,97.1,1,5,12,58.3
Manhattan,Male,Other/Unknown,1,192.4,1,100,1,192.4
Manhattan,Male,White,4,54.1,1,25,5,67.7
Manhattan,Female,Black,3,120,1,33.3,2,80
Manhattan,Female,White,2,4.4,0,0,0,0
Manhattan,Male,Black,3,102.7,1,33.3,2,68.4
Manhattan,Male,Latino/Hispanic,2,39.9,0,0,1,19.9
Manhattan,Male,White,6,15,0,0,4,10
Manhattan,Female,Latino/Hispanic,1,40.8,0,0,1,40.8
Manhattan,Female,White,1,3.9,0,0,0,0
Manhattan,Male,"Asian/Pacific
Islander",3,50.6,0,0,0,0
Manhattan,Male,Black,4,330.4,1,25,2,165.2
Manhattan,Male,Latino/Hispanic,6,205.7,1,16.7,2,68.6
Manhattan,Male,Other/Unknown,1,138.6,0,0,0,0
Manhattan,Male,White,9,34.2,0,0,3,11.4
Manhattan,Female,Latino/Hispanic,1,34.3,1,100,1,34.3
Manhattan,Male,"Asian/Pacific
Islander",2,36.7,0,0,0,0
Manhattan,Male,Black,2,145.5,0,0,0,0
Manhattan,Male,Latino/Hispanic,1,39,0,0,1,39
Manhattan,Male,White,3,17.3,1,33.3,5,28.8
Manhattan,Female,Latino/Hispanic,7,38.2,2,28.6,3,16.4
Manhattan,Male,"Asian/Pacific
Islander",6,31.9,1,16.7,1,5.3
Manhattan,Male,Black,5,88.9,3,60,2,35.6
Manhattan,Male,Latino/Hispanic,7,46.4,1,14.3,6,39.8
Manhattan,Male,Other/Unknown,1,67.6,0,0,0,0
Manhattan,Male,White,9,23.4,3,33.3,4,10.4
Manhattan,Female,Black,1,39.3,0,0,0,0
Manhattan,Male,Black,3,137.6,0,0,1,45.9
Manhattan,Male,Latino/Hispanic,4,48.6,0,0,1,12.2
Manhattan,Male,White,6,9.7,1,16.7,3,4.8
Manhattan,Female,Black,2,28.3,1,50,2,28.3
Manhattan,Female,Latino/Hispanic,1,6,1,100,2,11.9
Manhattan,Male,"Asian/Pacific
Islander",2,25.3,0,0,2,25.3
Manhattan,Male,Black,1,18.9,0,0,1,18.9
Manhattan,Male,Latino/Hispanic,6,43,1,16.7,6,43
Manhattan,Male,White,15,25.6,2,13.3,7,11.9
Manhattan,Female,Black,2,14.4,0,0,1,7.2
Manhattan,Female,Latino/Hispanic,7,9.1,2,28.6,3,3.9
Manhattan,Male,"Asian/Pacific
Islander",1,26.2,0,0,0,0
Manhattan,Male,Black,13,107.7,3,23.1,10,82.9
Manhattan,Male,Latino/Hispanic,41,58.3,2,4.9,15,21.3
Manhattan,Male,White,17,68.8,1,5.9,7,28.3
Queens,Female,"Asian/Pacific
Islander",10,3.7,5,50,6,2.2
Queens,Female,Black,25,12.6,6,24,21,10.6
Queens,Female,Latino/Hispanic,24,9.1,7,29.2,13,4.9
Queens,Female,Other/Unknown,1,4.8,1,100,1,4.8
Queens,Female,White,1,0.4,0,0,3,1.1
Queens,Male,"Asian/Pacific
Islander",57,23.1,15,26.3,20,8.1
Queens,Male,Black,72,44.2,10,13.9,49,30.1
Queens,Male,Latino/Hispanic,166,62.6,24,14.5,74,27.9
Queens,Male,Other/Unknown,1,5.2,1,100,2,10.5
Queens,Male,White,42,16.3,7,16.7,18,7
Queens,Female,"Asian/Pacific
Islander",1,5.8,1,100,1,5.8
Queens,Male,White,3,19.7,1,33.3,2,13.1
Queens,Female,"Asian/Pacific
Islander",2,3.3,2,100,2,3.3
Queens,Male,"Asian/Pacific
Islander",9,16.9,2,22.2,2,3.7
Queens,Male,Black,2,107.5,0,0,0,0
Queens,Male,Latino/Hispanic,4,23.1,1,25,1,5.8
Queens,Male,Other/Unknown,1,66.1,1,100,1,66.1
Queens,Male,White,3,10.5,0,0,0,0
Queens,Male,"Asian/Pacific
Islander",2,13.7,1,50,1,6.9
Queens,Male,Latino/Hispanic,4,61.7,0,0,1,15.4
Queens,Female,Black,8,10,2,25,8,10
Queens,Female,Latino/Hispanic,3,13.5,0,0,2,9
Queens,Male,"Asian/Pacific
Islander",3,10.5,0,0,0,0
Queens,Male,Black,24,38.4,5,20.8,20,32
Queens,Male,Latino/Hispanic,8,36,0,0,7,31.5
Queens,Male,White,3,31,0,0,0,0
Queens,Female,Black,1,17.7,0,0,0,0
Queens,Female,Latino/Hispanic,2,9.3,1,50,2,9.3
Queens,Female,White,1,2.1,0,0,0,0
Queens,Male,"Asian/Pacific
Islander",5,32.2,2,40,3,19.3
Queens,Male,Black,4,88.3,0,0,0,0
Queens,Male,Latino/Hispanic,21,100.9,5,23.8,10,48.1
Queens,Male,White,20,41.6,1,5,4,8.3
Queens,Female,Black,2,71.2,0,0,0,0
Queens,Female,Latino/Hispanic,4,12.5,2,50,2,6.3
Queens,Male,"Asian/Pacific
Islander",5,28.2,1,20,1,5.6
Queens,Male,Black,5,203,0,0,2,81.2
Queens,Male,Latino/Hispanic,22,76.9,2,9.1,8,28
Queens,Male,White,2,3.5,1,50,6,10.6
Queens,Female,Black,3,13.1,1,33.3,3,13.1
Queens,Female,Latino/Hispanic,3,23.9,0,0,1,8
Queens,Male,Black,6,33.8,0,0,3,16.9
Queens,Male,Latino/Hispanic,4,34.9,2,50,4,34.9
Queens,Female,Black,6,10.6,3,50,5,8.8
Queens,Female,Latino/Hispanic,1,8.4,1,100,1,8.4
Queens,Female,Other/Unknown,1,39,1,100,1,39
Queens,Male,"Asian/Pacific
Islander",3,19.6,0,0,0,0
Queens,Male,Black,17,36.7,1,5.9,5,10.8
Queens,Male,Latino/Hispanic,3,28.4,0,0,2,18.9
Queens,Female,"Asian/Pacific
Islander",5,13.5,2,40,2,5.4
Queens,Female,Black,2,15.3,0,0,4,30.6
Queens,Female,Latino/Hispanic,5,12.3,1,20,2,4.9
Queens,Male,"Asian/Pacific
Islander",12,32.8,4,33.3,6,16.4
Queens,Male,Black,5,42.6,2,40,5,42.6
Queens,Male,Latino/Hispanic,13,33.5,4,30.8,9,23.2
Queens,Male,White,3,12.4,1,33.3,1,4.1
Queens,Female,"Asian/Pacific
Islander",2,3.9,0,0,0,0
Queens,Female,Black,2,20.5,0,0,1,10.3
Queens,Female,Latino/Hispanic,6,6.6,2,33.3,3,3.3
Queens,Male,"Asian/Pacific
Islander",18,37.4,5,27.8,7,14.5
Queens,Male,Black,9,75.9,2,22.2,14,118.1
Queens,Male,Latino/Hispanic,87,83,10,11.5,32,30.5
Queens,Male,White,8,25.3,3,37.5,4,12.6
"Staten
Island",Female,Black,13,64.3,3,23.1,6,29.7
"Staten
Island",Female,Latino/Hispanic,4,11.6,3,75,4,11.6
"Staten
Island",Female,White,4,3,0,0,0,0
"Staten
Island",Male,"Asian/Pacific
Islander",1,6,0,0,0,0
"Staten
Island",Male,Black,21,123.5,5,23.8,15,88.2
"Staten
Island",Male,Latino/Hispanic,17,51.7,2,11.8,6,18.2
"Staten
Island",Male,Other/Unknown,2,82.4,0,0,0,0
"Staten
Island",Male,White,16,13,3,18.8,5,4.1
"Staten
Island",Female,Black,3,38.4,0,0,1,12.8
"Staten
Island",Female,White,1,10.8,0,0,0,0
"Staten
Island",Male,Black,5,76.7,1,20,3,46
"Staten
Island",Male,Latino/Hispanic,4,42.3,2,50,3,31.7
"Staten
Island",Male,White,3,34.5,1,33.3,1,11.5
"Staten
Island",Female,Black,1,84.7,0,0,0,0
"Staten
Island",Female,Latino/Hispanic,2,21.8,1,50,1,10.9
"Staten
Island",Female,White,1,1.4,0,0,0,0
"Staten
Island",Male,Black,5,421.9,1,20,0,0
"Staten
Island",Male,Latino/Hispanic,8,93,0,0,2,23.3
"Staten
Island",Male,Other/Unknown,1,128.6,0,0,0,0
"Staten
Island",Male,White,6,9.2,1,16.7,1,1.5
"Staten
Island",Female,Black,7,71,2,28.6,4,40.6
"Staten
Island",Female,White,2,7.3,0,0,0,0
"Staten
Island",Male,"Asian/Pacific
Islander",1,19.5,0,0,0,0
"Staten
Island",Male,Black,7,85.6,2,28.6,10,122.3
"Staten
Island",Male,Latino/Hispanic,1,10.2,0,0,0,0
"Staten
Island",Male,White,7,27.7,1,14.3,3,11.9
"Staten
Island",Female,Black,2,145.3,1,50,1,72.6
"Staten
Island",Female,Latino/Hispanic,2,35.2,2,100,2,35.2
"Staten
Island",Male,Black,3,265.3,0,0,1,88.4
"Staten
Island",Male,Latino/Hispanic,4,80,0,0,1,20
Bronx,Female,Black,75,39.1,17,22.7,56,29.2
Bronx,Female,Latino/Hispanic,36,10.3,4,11.1,27,7.7
Bronx,Female,White,2,3.3,0,0,0,0
Bronx,Male,"Asian/Pacific
Islander",2,8.7,0,0,3,13
Bronx,Male,Black,133,84.7,24,18,109,69.4
Bronx,Male,Latino/Hispanic,182,61.1,27,14.8,97,32.6
Bronx,Male,Other/Unknown,1,16.6,0,0,2,33.2
Bronx,Male,White,16,27.7,3,18.8,8,13.9
Bronx,Female,Black,11,43,1,9.1,14,54.8
Bronx,Female,Latino/Hispanic,10,15.7,0,0,5,7.9
Bronx,Female,White,1,66.2,0,0,0,0
Bronx,Male,Black,20,89.4,4,20,16,71.5
Bronx,Male,Latino/Hispanic,39,73.7,4,10.3,23,43.4
Bronx,Male,Other/Unknown,1,188.3,0,0,0,0
Bronx,Male,White,1,61.3,0,0,0,0
Bronx,Female,Black,14,54,1,7.1,8,30.8
Bronx,Female,Latino/Hispanic,3,4.1,0,0,1,1.4
Bronx,Male,"Asian/Pacific
Islander",1,22.3,0,0,1,22.3
Bronx,Male,Black,25,112.1,5,20,21,94.1
Bronx,Male,Latino/Hispanic,38,58.9,7,18.4,19,29.5
Bronx,Male,White,2,23.5,0,0,2,23.5
Bronx,Female,Black,17,55.5,4,23.5,14,45.7
Bronx,Female,Latino/Hispanic,13,22.2,2,15.4,9,15.3
Bronx,Male,"Asian/Pacific
Islander",1,76.6,0,0,1,76.6
Bronx,Male,Black,19,73.3,5,26.3,26,100.4
Bronx,Male,Latino/Hispanic,27,54.3,6,22.2,21,42.3
Bronx,Male,White,2,96.3,0,0,1,48.2
Bronx,Female,Black,12,73.3,4,33.3,8,48.8
Bronx,Female,Latino/Hispanic,1,2.5,0,0,3,7.4
Bronx,Male,Black,17,119.8,0,0,11,77.5
Bronx,Male,Latino/Hispanic,31,85.4,2,6.5,9,24.8
Bronx,Male,White,1,81.6,0,0,1,81.6
Bronx,Female,Latino/Hispanic,3,15.7,0,0,0,0
Bronx,Male,Black,3,74.9,0,0,0,0
Bronx,Male,Latino/Hispanic,3,20.1,0,0,2,13.4
Bronx,Male,White,4,27.5,2,50,2,13.7
Bronx,Female,Black,12,20.5,3,25,7,12
Bronx,Female,Latino/Hispanic,2,8.3,0,0,3,12.5
Bronx,Male,Black,27,60.6,5,18.5,15,33.7
Bronx,Male,Latino/Hispanic,10,50.9,3,30,6,30.6
Bronx,Male,White,2,24.8,0,0,0,0
Bronx,Female,Black,9,30.6,4,44.4,5,17
Bronx,Female,Latino/Hispanic,4,5.7,2,50,6,8.6
Bronx,Female,White,1,4.4,0,0,0,0
Bronx,Male,Black,22,92.4,5,22.7,20,84
Bronx,Male,Latino/Hispanic,34,56.9,5,14.7,17,28.5
Bronx,Male,White,4,18.5,1,25,2,9.3
Brooklyn,Female,"Asian/Pacific
Islander",3,2.1,0,0,1,0.7
Brooklyn,Female,Black,86,22.7,19,22.1,71,18.8
Brooklyn,Female,Latino/Hispanic,21,10.2,3,14.3,22,10.7
Brooklyn,Female,Other/Unknown,2,10.1,1,50,1,5.1
Brooklyn,Female,White,15,3.7,5,33.3,7,1.7
Brooklyn,Male,"Asian/Pacific
Islander",20,15.6,4,20,10,7.8
Brooklyn,Male,Black,241,84.5,55,22.8,130,45.6
Brooklyn,Male,Latino/Hispanic,130,67.8,25,19.2,68,35.5
Brooklyn,Male,Other/Unknown,8,50,2,25,2,12.5
Brooklyn,Male,White,79,20.8,8,10.1,38,10
Brooklyn,Female,Black,26,26.4,4,15.4,21,21.3
Brooklyn,Female,Latino/Hispanic,2,9.7,0,0,5,24.3
Brooklyn,Female,White,1,3.6,0,0,0,0
Brooklyn,Male,"Asian/Pacific
Islander",2,44.1,1,50,3,66.2
Brooklyn,Male,Black,62,83.6,15,24.2,42,56.6
Brooklyn,Male,Latino/Hispanic,23,138.9,6,26.1,16,96.7
Brooklyn,Male,Other/Unknown,4,195.2,0,0,0,0
Brooklyn,Male,White,10,36,3,30,5,18
Brooklyn,Female,White,2,4.2,1,50,2,4.2
Brooklyn,Male,"Asian/Pacific
Islander",1,4.1,0,0,0,0
Brooklyn,Male,Black,2,119.7,1,50,2,119.7
Brooklyn,Male,Latino/Hispanic,6,43.1,2,33.3,3,21.5
Brooklyn,Male,Other/Unknown,1,87,0,0,0,0
Brooklyn,Male,White,7,16.5,0,0,3,7.1
Brooklyn,Female,"Asian/Pacific
Islander",1,3.3,0,0,0,0
Brooklyn,Female,White,3,4.1,1,33.3,1,1.4
Brooklyn,Male,"Asian/Pacific
Islander",2,6.7,0,0,0,0
Brooklyn,Male,Black,3,58.1,0,0,0,0
Brooklyn,Male,Latino/Hispanic,9,52,0,0,1,5.8
Brooklyn,Male,White,8,11.8,1,12.5,4,5.9
Brooklyn,Female,Black,12,18.4,5,41.7,11,16.8
Brooklyn,Female,Latino/Hispanic,1,10.6,1,100,2,21.2
Brooklyn,Male,Black,24,50.2,6,25,10,20.9
Brooklyn,Male,Latino/Hispanic,2,28,1,50,3,42
Brooklyn,Male,White,1,5.9,0,0,2,11.9
Brooklyn,Female,"Asian/Pacific
Islander",1,4.2,0,0,0,0
Brooklyn,Female,Black,1,10.6,0,0,1,10.6
Brooklyn,Female,Latino/Hispanic,2,13.8,0,0,0,0
Brooklyn,Female,White,6,7.5,3,50,4,5
Brooklyn,Male,"Asian/Pacific
Islander",3,13.4,0,0,2,8.9
Brooklyn,Male,Black,5,81.3,2,40,2,32.5
Brooklyn,Male,Latino/Hispanic,7,51.5,2,28.6,3,22.1
Brooklyn,Male,White,10,14.4,1,10,5,7.2
Brooklyn,Female,Black,4,20.9,1,25,2,10.4
Brooklyn,Female,Other/Unknown,1,33.6,0,0,0,0
Brooklyn,Female,White,1,1.5,0,0,0,0
Brooklyn,Male,"Asian/Pacific
Islander",1,11.3,0,0,0,0
Brooklyn,Male,Black,15,110.4,1,6.7,6,44.2
Brooklyn,Male,Latino/Hispanic,9,58.6,2,22.2,5,32.5
Brooklyn,Male,White,11,18,1,9.1,6,9.8
Brooklyn,Female,"Asian/Pacific
Islander",1,20.2,0,0,0,0
Brooklyn,Female,Black,23,23.3,5,21.7,13,13.2
Brooklyn,Female,Latino/Hispanic,2,15.1,1,50,1,7.5
Brooklyn,Female,White,1,5,0,0,0,0
Brooklyn,Male,"Asian/Pacific
Islander",2,47.5,0,0,1,23.8
Brooklyn,Male,Black,53,71.1,12,22.6,31,41.6
Brooklyn,Male,Latino/Hispanic,9,77.8,4,44.4,6,51.9
Brooklyn,Male,White,3,15.2,0,0,5,25.4
Brooklyn,Female,Black,13,26.8,4,30.8,16,33
Brooklyn,Female,Latino/Hispanic,7,23.7,0,0,4,13.5
Brooklyn,Male,"Asian/Pacific
Islander",2,49.6,1,50,1,24.8
Brooklyn,Male,Black,45,122.2,8,17.8,20,54.3
Brooklyn,Male,Latino/Hispanic,16,61.7,3,18.8,13,50.1
Brooklyn,Male,Other/Unknown,1,153,1,100,1,153
Brooklyn,Male,White,1,32.2,0,0,1,32.2
Brooklyn,Female,Latino/Hispanic,1,7.1,0,0,2,14.2
Brooklyn,Male,"Asian/Pacific
Islander",1,32,0,0,1,32
Brooklyn,Male,Black,4,194,3,75,4,194
Brooklyn,Male,Latino/Hispanic,9,71.9,1,11.1,2,16
Brooklyn,Male,White,7,17.9,0,0,1,2.6
Brooklyn,Female,Latino/Hispanic,3,15.2,0,0,0,0
Brooklyn,Female,Other/Unknown,1,175.5,1,100,1,175.5
Brooklyn,Male,"Asian/Pacific
Islander",4,22.6,1,25,1,5.6
Brooklyn,Male,Black,2,116.7,1,50,1,58.3
Brooklyn,Male,Latino/Hispanic,13,59.4,2,15.4,6,27.4
Brooklyn,Male,Other/Unknown,2,329.1,1,50,1,164.5
Brooklyn,Male,White,1,11.9,0,0,1,11.9
Brooklyn,Female,Black,7,26,0,0,6,22.3
Brooklyn,Female,Latino/Hispanic,3,7.8,1,33.3,3,7.8
Brooklyn,Female,White,1,5.2,0,0,0,0
Brooklyn,Male,"Asian/Pacific
Islander",2,38.5,1,50,1,19.2
Brooklyn,Male,Black,26,120.6,6,23.1,12,55.7
Brooklyn,Male,Latino/Hispanic,27,75.4,2,7.4,10,27.9
Brooklyn,Male,White,19,81.4,1,5.3,4,17.1
Manhattan,Female,Black,16,16.7,5,31.3,25,26.2
Manhattan,Female,Latino/Hispanic,13,6.9,3,23.1,9,4.8
Manhattan,Female,White,5,1.4,1,20,3,0.8
Manhattan,Male,"Asian/Pacific
Islander",21,26.3,1,4.8,5,6.3
Manhattan,Male,Black,101,123.6,15,14.9,57,69.7
Manhattan,Male,Latino/Hispanic,120,71.7,20,16.7,57,34
Manhattan,Male,Other/Unknown,8,71.8,1,12.5,1,9
Manhattan,Male,White,103,30.6,14,13.6,52,15.4
Manhattan,Female,Black,5,11.9,3,60,7,16.6
Manhattan,Female,Latino/Hispanic,1,4.8,0,0,1,4.8
Manhattan,Female,White,1,7,1,100,1,7
Manhattan,Male,"Asian/Pacific
Islander",1,24,0,0,1,24
Manhattan,Male,Black,43,126.3,8,18.6,24,70.5
Manhattan,Male,Latino/Hispanic,10,57.4,3,30,7,40.2
Manhattan,Male,Other/Unknown,1,63,0,0,0,0
Manhattan,Male,White,12,85.5,2,16.7,5,35.6
Manhattan,Female,Black,2,55.9,0,0,1,28
Manhattan,Female,White,1,2.4,0,0,1,2.4
Manhattan,Male,"Asian/Pacific
Islander",4,33.7,0,0,0,0
Manhattan,Male,Black,12,284.2,2,16.7,6,142.1
Manhattan,Male,Latino/Hispanic,18,153.4,2,11.1,5,42.6
Manhattan,Male,Other/Unknown,1,73,0,0,0,0
Manhattan,Male,White,31,64,5,16.1,18,37.1
Manhattan,Female,Black,4,24.8,1,25,9,55.9
Manhattan,Male,"Asian/Pacific
Islander",3,84.9,0,0,0,0
Manhattan,Male,Black,13,100.6,1,7.7,7,54.2
Manhattan,Male,Latino/Hispanic,11,53.6,2,18.2,7,34.1
Manhattan,Male,Other/Unknown,1,188.6,1,100,1,188.6
Manhattan,Male,White,4,54.4,2,50,3,40.8
Manhattan,Female,White,1,2.2,0,0,0,0
Manhattan,Male,"Asian/Pacific
Islander",3,31.6,0,0,0,0
Manhattan,Male,Black,2,68.8,0,0,1,34.4
Manhattan,Male,Latino/Hispanic,8,159.7,3,37.5,5,99.8
Manhattan,Male,White,8,20.1,3,37.5,6,15.1
Manhattan,Female,Black,1,153,0,0,0,0
Manhattan,Male,Black,3,248.7,0,0,2,165.8
Manhattan,Male,Latino/Hispanic,3,103.1,0,0,1,34.4
Manhattan,Male,Other/Unknown,1,135.5,0,0,0,0
Manhattan,Male,White,6,22.9,1,16.7,1,3.8
Manhattan,Female,White,1,6.1,0,0,0,0
Manhattan,Male,"Asian/Pacific
Islander",2,36.1,1,50,2,36.1
Manhattan,Male,Black,3,217.9,0,0,0,0
Manhattan,Male,Latino/Hispanic,4,155.6,0,0,1,38.9
Manhattan,Male,Other/Unknown,1,178.6,0,0,0,0
Manhattan,Male,White,1,5.8,0,0,0,0
Manhattan,Female,Black,1,16.6,0,0,2,33.3
Manhattan,Male,"Asian/Pacific
Islander",2,10.5,0,0,0,0
Manhattan,Male,Black,4,71.6,0,0,0,0
Manhattan,Male,Latino/Hispanic,11,73.1,2,18.2,6,39.9
Manhattan,Male,Other/Unknown,1,66.3,0,0,0,0
Manhattan,Male,White,11,28.7,0,0,6,15.7
Manhattan,Male,"Asian/Pacific
Islander",2,23.9,0,0,0,0
Manhattan,Male,Black,2,92,1,50,0,0
Manhattan,Male,Latino/Hispanic,3,36.5,1,33.3,1,12.2
Manhattan,Male,White,6,9.7,0,0,7,11.3
Manhattan,Female,Black,1,14.3,1,100,2,28.6
Manhattan,Male,"Asian/Pacific
Islander",1,12.6,0,0,2,25.1
Manhattan,Male,Black,4,76,1,25,8,152
Manhattan,Male,Latino/Hispanic,4,28.7,0,0,3,21.5
Manhattan,Male,White,11,18.8,1,9.1,2,3.4
Manhattan,Female,Black,2,14.5,0,0,3,21.8
Manhattan,Female,Latino/Hispanic,12,15.6,3,25,6,7.8
Manhattan,Female,White,1,4.2,0,0,0,0
Manhattan,Male,"Asian/Pacific
Islander",3,77.9,0,0,0,0
Manhattan,Male,Black,15,124.8,2,13.3,8,66.5
Manhattan,Male,Latino/Hispanic,48,68.5,7,14.6,21,30
Manhattan,Male,Other/Unknown,2,143.8,0,0,0,0
Manhattan,Male,White,13,52.9,0,0,3,12.2
Queens,Female,"Asian/Pacific
Islander",7,2.6,1,14.3,5,1.8
Queens,Female,Black,32,16.2,5,15.6,18,9.1
Queens,Female,Latino/Hispanic,19,7.2,2,10.5,6,2.3
Queens,Female,Other/Unknown,2,9.5,1,50,1,4.8
Queens,Female,White,2,0.8,0,0,2,0.8
Queens,Male,"Asian/Pacific
Islander",56,22.6,20,35.7,28,11.3
Queens,Male,Black,81,49.9,8,9.9,35,21.6
Queens,Male,Latino/Hispanic,155,58.7,26,16.8,57,21.6
Queens,Male,Other/Unknown,2,10.4,1,50,2,10.4
Queens,Male,White,28,11,5,17.9,19,7.5
Queens,Female,White,1,6.1,0,0,0,0
Queens,Male,"Asian/Pacific
Islander",1,6.6,0,0,0,0
Queens,Male,Black,1,83.7,0,0,0,0
Queens,Male,Latino/Hispanic,2,50.2,1,50,1,25.1
Queens,Female,"Asian/Pacific
Islander",1,1.6,0,0,1,1.6
Queens,Female,Black,2,78.2,0,0,0,0
Queens,Female,Latino/Hispanic,2,10.3,0,0,1,5.2
Queens,Male,"Asian/Pacific
Islander",6,11.2,2,33.3,3,5.6
Queens,Male,Black,1,53.6,0,0,0,0
Queens,Male,Latino/Hispanic,7,40.5,1,14.3,1,5.8
Queens,Female,Black,1,26.2,0,0,0,0
Queens,Female,Latino/Hispanic,2,24.5,0,0,0,0
Queens,Male,"Asian/Pacific
Islander",1,6.8,0,0,0,0
Queens,Male,Black,1,38.6,0,0,0,0
Queens,Male,Latino/Hispanic,1,15.4,0,0,0,0
Queens,Female,Black,16,20.2,2,12.5,6,7.6
Queens,Female,Latino/Hispanic,3,13.6,0,0,1,4.5
Queens,Female,Other/Unknown,1,25.9,1,100,1,25.9
Queens,Female,White,1,10.8,0,0,0,0
Queens,Male,"Asian/Pacific
Islander",5,17.5,0,0,0,0
Queens,Male,Black,34,54.5,3,8.8,8,12.8
Queens,Male,Latino/Hispanic,15,67.7,2,13.3,5,22.6
Queens,Male,White,1,10.5,0,0,2,21
Queens,Female,Black,1,17.8,0,0,1,17.8
Queens,Female,Latino/Hispanic,2,9.3,1,50,1,4.7
Queens,Male,"Asian/Pacific
Islander",8,51.3,2,25,2,12.8
Queens,Male,Black,4,88.8,0,0,2,44.4
Queens,Male,Latino/Hispanic,23,110.9,4,17.4,9,43.4
Queens,Male,Other/Unknown,2,121.1,1,50,2,121.1
Queens,Male,White,7,14.8,0,0,3,6.4
Queens,Female,"Asian/Pacific
Islander",1,4.7,0,0,0,0
Queens,Female,Latino/Hispanic,1,3.1,0,0,0,0
Queens,Male,"Asian/Pacific
Islander",3,16.8,1,33.3,1,5.6
Queens,Male,Black,1,40.6,0,0,3,121.9
Queens,Male,Latino/Hispanic,9,31.6,0,0,1,3.5
Queens,Male,White,4,7.2,2,50,4,7.2
Queens,Female,"Asian/Pacific
Islander",1,38.5,0,0,0,0
Queens,Female,Black,3,13.2,0,0,3,13.2
Queens,Male,Black,9,50.9,1,11.1,3,17
Queens,Male,Latino/Hispanic,3,26.2,0,0,0,0
Queens,Male,White,3,17,0,0,1,5.7
Queens,Female,"Asian/Pacific
Islander",1,6.1,0,0,1,6.1
Queens,Female,Black,5,8.9,1,20,4,7.1
Queens,Female,Latino/Hispanic,1,8.4,0,0,1,8.4
Queens,Female,Other/Unknown,1,38.9,0,0,0,0
Queens,Male,"Asian/Pacific
Islander",1,6.5,0,0,0,0
Queens,Male,Black,14,30.3,1,7.1,9,19.5
Queens,Male,Latino/Hispanic,1,9.4,0,0,0,0
Queens,Male,White,2,18.2,1,50,2,18.2
Queens,Female,"Asian/Pacific
Islander",2,5.4,0,0,1,2.7
Queens,Female,Black,3,23.1,2,66.7,3,23.1
Queens,Female,Latino/Hispanic,5,12.4,1,20,1,2.5
Queens,Male,"Asian/Pacific
Islander",9,24.6,6,66.7,10,27.3
Queens,Male,Black,10,85.7,2,20,5,42.8
Queens,Male,Latino/Hispanic,15,38.8,3,20,8,20.7
Queens,Male,White,3,12.5,1,33.3,2,8.4
Queens,Female,"Asian/Pacific
Islander",1,1.9,1,100,1,1.9
Queens,Female,Black,1,10.3,0,0,1,10.3
Queens,Female,Latino/Hispanic,3,3.3,0,0,1,1.1
Queens,Male,"Asian/Pacific
Islander",22,45.5,9,40.9,12,24.8
Queens,Male,Black,6,50.9,1,16.7,5,42.4
Queens,Male,Latino/Hispanic,79,75.9,15,19,32,30.7
Queens,Male,White,8,25.7,1,12.5,3,9.6
"Staten
Island",Female,Black,9,44.6,1,11.1,3,14.9
"Staten
Island",Female,White,1,0.8,0,0,2,1.5
"Staten
Island",Male,Black,10,59,4,40,12,70.7
"Staten
Island",Male,Latino/Hispanic,8,24,2,25,5,15
"Staten
Island",Male,Other/Unknown,2,79.5,1,50,1,39.7
"Staten
Island",Male,White,8,6.6,1,12.5,4,3.3
"Staten
Island",Female,Black,4,51.4,0,0,1,12.8
"Staten
Island",Male,Black,4,61.6,0,0,2,30.8
"Staten
Island",Male,Latino/Hispanic,5,52.2,1,20,2,20.9
"Staten
Island",Male,White,1,11.6,0,0,0,0
"Staten
Island",Male,Latino/Hispanic,1,11.4,0,0,1,11.4
"Staten
Island",Male,White,3,4.6,0,0,0,0
"Staten
Island",Female,Black,5,50.8,1,20,2,20.3
"Staten
Island",Female,White,1,3.7,0,0,1,3.7
"Staten
Island",Male,Black,5,61.3,4,80,10,122.5
"Staten
Island",Male,Latino/Hispanic,2,20,1,50,2,20
"Staten
Island",Male,Other/Unknown,1,125,1,100,1,125
"Staten
Island",Male,White,3,12,1,33.3,4,15.9
"Staten
Island",Male,Black,1,88.5,0,0,0,0
"Staten
Island",Male,Other/Unknown,1,164.5,0,0,0,0
"Staten
Island",Male,White,1,4.2,0,0,0,0
Bronx,Female,Black,62,32.7,13,21,75,39.5
Bronx,Female,Latino/Hispanic,47,13.4,3,6.4,45,12.8
Bronx,Female,White,2,3.3,1,50,3,5
Bronx,Male,"Asian/Pacific
Islander",2,8.6,0,0,2,8.6
Bronx,Male,Black,139,88.8,27,19.4,113,72.2
Bronx,Male,Latino/Hispanic,162,54.4,32,19.8,97,32.6
Bronx,Male,Other/Unknown,1,16.4,0,0,0,0
Bronx,Male,White,10,17.7,2,20,6,10.6
Bronx,Female,Black,12,47.6,2,16.7,18,71.3
Bronx,Female,Latino/Hispanic,14,22,1,7.1,9,14.1
Bronx,Male,Black,22,98.9,3,13.6,27,121.4
Bronx,Male,Latino/Hispanic,35,66.1,4,11.4,19,35.9
Bronx,Female,Black,10,39,4,40,9,35.1
Bronx,Female,Latino/Hispanic,7,9.5,0,0,5,6.8
Bronx,Male,"Asian/Pacific
Islander",1,22.2,0,0,1,22.2
Bronx,Male,Black,31,139.5,8,25.8,22,99
Bronx,Male,Latino/Hispanic,35,54.3,8,22.9,20,31.1
Bronx,Male,White,3,36.1,0,0,0,0
Bronx,Female,Black,17,56.1,1,5.9,20,66
Bronx,Female,Latino/Hispanic,9,15.3,1,11.1,13,22.1
Bronx,Female,White,1,58.7,0,0,2,117.4
Bronx,Male,Black,42,162.8,8,19,25,96.9
Bronx,Male,Latino/Hispanic,32,64.4,10,31.3,21,42.3
Bronx,Male,White,1,49.4,0,0,0,0
Bronx,Female,Black,2,12.4,0,0,7,43.3
Bronx,Female,Latino/Hispanic,5,12.2,0,0,6,14.7
Bronx,Female,White,1,89,1,100,1,89
Bronx,Male,Black,13,92.2,3,23.1,16,113.5
Bronx,Male,Latino/Hispanic,19,52.3,3,15.8,13,35.8
Bronx,Male,Black,1,24.9,0,0,1,24.9
Bronx,Male,Latino/Hispanic,5,33.4,0,0,2,13.4
Bronx,Male,White,2,14,0,0,0,0
Bronx,Female,Black,16,27.6,5,31.3,12,20.7
Bronx,Female,Latino/Hispanic,4,16.6,1,25,6,24.8
Bronx,Male,Black,15,33.7,2,13.3,10,22.5
Bronx,Male,Latino/Hispanic,8,40.6,1,12.5,8,40.6
Bronx,Male,White,1,12.6,1,100,2,25.3
Bronx,Female,Black,5,17.2,1,20,7,24.1
Bronx,Female,Latino/Hispanic,8,11.4,0,0,6,8.6
Bronx,Male,"Asian/Pacific
Islander",1,10.3,0,0,1,10.3
Bronx,Male,Black,15,63.2,3,20,12,50.5
Bronx,Male,Latino/Hispanic,28,46.8,6,21.4,14,23.4
Bronx,Male,White,3,14.2,1,33.3,3,14.2
Brooklyn,Female,"Asian/Pacific
Islander",2,1.4,1,50,1,0.7
Brooklyn,Female,Black,88,23.6,13,14.8,56,15
Brooklyn,Female,Latino/Hispanic,19,9.3,2,10.5,15,7.3
Brooklyn,Female,Other/Unknown,1,5,0,0,1,5
Brooklyn,Female,White,9,2.2,2,22.2,3,0.7
Brooklyn,Male,"Asian/Pacific
Islander",22,17.1,6,27.3,14,10.9
Brooklyn,Male,Black,222,78.6,43,19.4,124,43.9
Brooklyn,Male,Latino/Hispanic,113,59.4,30,26.5,64,33.6
Brooklyn,Male,Other/Unknown,3,18.2,0,0,1,6.1
Brooklyn,Male,White,57,15,7,12.3,20,5.3
Brooklyn,Female,Black,24,24.6,2,8.3,20,20.5
Brooklyn,Female,Latino/Hispanic,5,24.4,0,0,1,4.9
Brooklyn,Female,White,2,7.2,0,0,0,0
Brooklyn,Male,Black,72,98,12,16.7,37,50.4
Brooklyn,Male,Latino/Hispanic,17,103.4,4,23.5,13,79
Brooklyn,Male,Other/Unknown,1,47.3,0,0,0,0
Brooklyn,Male,White,8,28.9,1,12.5,2,7.2
Brooklyn,Female,Latino/Hispanic,1,7.8,0,0,1,7.8
Brooklyn,Female,White,1,2.1,0,0,0,0
Brooklyn,Male,"Asian/Pacific
Islander",3,12.3,0,0,1,4.1
Brooklyn,Male,Latino/Hispanic,6,43.5,3,50,6,43.5
Brooklyn,Male,Other/Unknown,1,84.5,0,0,0,0
Brooklyn,Male,White,4,9.4,1,25,2,4.7
Brooklyn,Female,White,2,2.7,1,50,1,1.4
Brooklyn,Male,"Asian/Pacific
Islander",5,16.8,2,40,4,13.5
Brooklyn,Male,Black,4,78,0,0,0,0
Brooklyn,Male,Latino/Hispanic,10,58.3,4,40,6,35
Brooklyn,Male,White,3,4.4,1,33.3,1,1.5
Brooklyn,Female,Black,16,24.8,3,18.8,5,7.7
Brooklyn,Female,Latino/Hispanic,2,21.3,1,50,3,31.9
Brooklyn,Female,Other/Unknown,1,102.1,0,0,0,0
Brooklyn,Male,"Asian/Pacific
Islander",1,23.6,0,0,0,0
Brooklyn,Male,Black,24,50.8,7,29.2,12,25.4
Brooklyn,Male,Latino/Hispanic,4,56.2,3,75,4,56.2
Brooklyn,Female,Black,1,10.7,1,100,2,21.5
Brooklyn,Female,Latino/Hispanic,1,6.9,1,100,2,13.8
Brooklyn,Female,White,2,2.5,1,50,1,1.2
Brooklyn,Male,"Asian/Pacific
Islander",1,4.4,1,100,2,8.9
Brooklyn,Male,Black,4,66,0,0,2,33
Brooklyn,Male,Latino/Hispanic,4,29.7,0,0,0,0
Brooklyn,Male,White,7,10.1,2,28.6,5,7.2
Brooklyn,Female,Black,7,36.9,0,0,3,15.8
Brooklyn,Female,Latino/Hispanic,2,11.4,0,0,2,11.4
Brooklyn,Female,White,2,3.1,0,0,1,1.5
Brooklyn,Male,"Asian/Pacific
Islander",2,22.5,0,0,0,0
Brooklyn,Male,Black,11,81.6,0,0,8,59.3
Brooklyn,Male,Latino/Hispanic,6,39.2,1,16.7,4,26.1
Brooklyn,Male,White,7,11.4,1,14.3,2,3.3
Brooklyn,Female,Black,23,23.5,3,13,13,13.3
Brooklyn,Female,Latino/Hispanic,2,15.1,0,0,3,22.7
Brooklyn,Male,"Asian/Pacific
Islander",3,71.3,1,33.3,1,23.8
Brooklyn,Male,Black,50,67.6,10,20,27,36.5
Brooklyn,Male,Latino/Hispanic,12,104.4,2,16.7,6,52.2
Brooklyn,Male,White,4,20.3,0,0,2,10.2
Brooklyn,Female,Black,8,16.8,2,25,7,14.7
Brooklyn,Female,Latino/Hispanic,3,10.2,0,0,0,0
Brooklyn,Male,Black,30,82.5,7,23.3,16,44
Brooklyn,Male,Latino/Hispanic,18,69.9,4,22.2,5,19.4
Brooklyn,Male,White,2,64.5,0,0,0,0
Brooklyn,Female,Latino/Hispanic,1,7.1,0,0,0,0
Brooklyn,Male,Black,1,48.9,0,0,2,97.8
Brooklyn,Male,Latino/Hispanic,6,48,2,33.3,7,56
Brooklyn,Male,White,3,7.6,1,33.3,1,2.5
Brooklyn,Female,"Asian/Pacific
Islander",1,5.4,0,0,0,0
Brooklyn,Female,Latino/Hispanic,1,5.1,0,0,1,5.1
Brooklyn,Male,"Asian/Pacific
Islander",4,22.6,1,25,4,22.6
Brooklyn,Male,Latino/Hispanic,9,41.5,4,44.4,5,23.1
Brooklyn,Male,White,4,47.5,0,0,2,23.7
Brooklyn,Female,"Asian/Pacific
Islander",1,16.3,1,100,1,16.3
Brooklyn,Female,Black,9,33.8,2,22.2,6,22.6
Brooklyn,Female,Latino/Hispanic,1,2.6,0,0,1,2.6
Brooklyn,Male,"Asian/Pacific
Islander",3,57.8,1,33.3,1,19.3
Brooklyn,Male,Black,26,121.9,7,26.9,19,89.1
Brooklyn,Male,Latino/Hispanic,21,59.1,3,14.3,8,22.5
Brooklyn,Male,Other/Unknown,1,74.1,0,0,0,0
Brooklyn,Male,White,15,64.7,0,0,0,0
Manhattan,Female,"Asian/Pacific
Islander",2,1.9,1,50,1,1
Manhattan,Female,Black,27,28.4,6,22.2,24,25.3
Manhattan,Female,Latino/Hispanic,17,9.1,0,0,11,5.9
Manhattan,Female,White,6,1.7,2,33.3,2,0.6
Manhattan,Male,"Asian/Pacific
Islander",18,22.5,6,33.3,9,11.2
Manhattan,Male,Black,106,130.4,21,19.8,66,81.2
Manhattan,Male,Latino/Hispanic,114,68.3,14,12.3,53,31.7
Manhattan,Male,Other/Unknown,7,61.6,1,14.3,3,26.4
Manhattan,Male,White,70,20.8,11,15.7,36,10.7
Manhattan,Female,Black,14,33.5,4,28.6,14,33.5
Manhattan,Female,Latino/Hispanic,3,14.5,0,0,2,9.7
Manhattan,Female,White,1,7,0,0,0,0
Manhattan,Male,Black,41,121.1,8,19.5,17,50.2
Manhattan,Male,Latino/Hispanic,12,69.3,2,16.7,5,28.9
Manhattan,Male,Other/Unknown,2,123.5,0,0,0,0
Manhattan,Male,White,4,28.5,0,0,0,0
Manhattan,Female,Black,1,28,1,100,3,84.1
Manhattan,Female,Latino/Hispanic,1,8.9,0,0,0,0
Manhattan,Male,"Asian/Pacific
Islander",6,50.3,1,16.7,1,8.4
Manhattan,Male,Black,11,260.4,1,9.1,4,94.7
Manhattan,Male,Latino/Hispanic,21,178.1,2,9.5,12,101.8
Manhattan,Male,Other/Unknown,1,71.7,0,0,1,71.7
Manhattan,Male,White,24,49.4,3,12.5,11,22.6
Manhattan,Female,Black,5,31.2,1,20,4,25
Manhattan,Female,Latino/Hispanic,1,4.4,0,0,1,4.4
Manhattan,Female,White,1,13.9,1,100,1,13.9
Manhattan,Male,"Asian/Pacific
Islander",5,141.1,4,80,4,112.9
Manhattan,Male,Black,13,101.3,3,23.1,16,124.7
Manhattan,Male,Latino/Hispanic,9,44,1,11.1,6,29.3
Manhattan,Male,White,3,40.9,0,0,0,0
Manhattan,Female,White,1,2.2,1,100,1,2.2
Manhattan,Male,Black,3,103.7,2,66.7,5,172.9
Manhattan,Male,White,3,7.5,0,0,4,10
Manhattan,Female,Black,1,153.9,0,0,0,0
Manhattan,Male,Black,2,166.6,1,50,2,166.6
Manhattan,Male,Latino/Hispanic,4,137.9,0,0,1,34.5
Manhattan,Male,Other/Unknown,1,133.2,1,100,1,133.2
Manhattan,Male,White,4,15.3,0,0,1,3.8
Manhattan,Male,Black,1,72.6,0,0,0,0
Manhattan,Male,Latino/Hispanic,6,233.2,0,0,0,0
Manhattan,Male,White,3,17.2,0,0,1,5.7
Manhattan,Female,"Asian/Pacific
Islander",1,4.3,0,0,0,0
Manhattan,Female,Black,2,33.5,0,0,0,0
Manhattan,Female,Latino/Hispanic,1,5.5,0,0,2,10.9
Manhattan,Male,"Asian/Pacific
Islander",4,20.9,0,0,1,5.2
Manhattan,Male,Black,5,90.1,0,0,0,0
Manhattan,Male,Latino/Hispanic,4,26.6,2,50,6,40
Manhattan,Male,White,4,10.4,1,25,4,10.4
Manhattan,Female,Latino/Hispanic,1,9.6,0,0,1,9.6
Manhattan,Female,White,2,2.5,0,0,0,0
Manhattan,Male,Black,4,184.6,0,0,3,138.5
Manhattan,Male,Latino/Hispanic,3,36.5,1,33.3,3,36.5
Manhattan,Male,Other/Unknown,1,71.8,0,0,0,0
Manhattan,Male,White,5,8,1,20,2,3.2
Manhattan,Female,"Asian/Pacific
Islander",1,8.2,1,100,1,8.2
Manhattan,Female,Black,3,43.1,0,0,3,43.1
Manhattan,Female,Latino/Hispanic,1,6,0,0,0,0
Manhattan,Male,"Asian/Pacific
Islander",1,12.6,1,100,1,12.6
Manhattan,Male,Black,5,95.5,1,20,3,57.3
Manhattan,Male,Latino/Hispanic,10,71.7,1,10,4,28.7
Manhattan,Male,Other/Unknown,1,85,0,0,0,0
Manhattan,Male,White,9,15.3,2,22.2,6,10.2
Manhattan,Female,Black,1,7.3,0,0,0,0
Manhattan,Female,Latino/Hispanic,9,11.8,0,0,5,6.5
Manhattan,Female,White,1,4.2,0,0,0,0
Manhattan,Male,"Asian/Pacific
Islander",2,52,0,0,0,0
Manhattan,Male,Black,21,175.4,5,23.8,13,108.6
Manhattan,Male,Latino/Hispanic,44,63,5,11.4,15,21.5
Manhattan,Male,Other/Unknown,1,70.5,0,0,0,0
Manhattan,Male,White,11,44.8,4,36.4,7,28.5
Queens,Female,"Asian/Pacific
Islander",7,2.6,2,28.6,4,1.5
Queens,Female,Black,26,13.3,10,38.5,30,15.4
Queens,Female,Latino/Hispanic,16,6.1,5,31.3,15,5.7
Queens,Female,White,4,1.5,0,0,2,0.8
Queens,Male,"Asian/Pacific
Islander",40,16.1,17,42.5,25,10.1
Queens,Male,Black,72,44.6,16,22.2,44,27.3
Queens,Male,Latino/Hispanic,162,61.7,29,17.9,65,24.8
Queens,Male,Other/Unknown,2,10.4,0,0,1,5.2
Queens,Male,White,23,9.2,5,21.7,15,6
Queens,Male,Latino/Hispanic,1,25.1,0,0,0,0
Queens,Female,"Asian/Pacific
Islander",1,1.6,0,0,0,0
Queens,Male,"Asian/Pacific
Islander",7,13,2,28.6,3,5.6
Queens,Male,Black,1,53.7,0,0,0,0
Queens,Male,Latino/Hispanic,11,63.7,3,27.3,7,40.5
Queens,Male,White,2,7.2,0,0,0,0
Queens,Female,Black,2,53.1,0,0,0,0
Queens,Female,Latino/Hispanic,1,12.3,0,0,0,0
Queens,Female,White,1,6.8,0,0,0,0
Queens,Male,Latino/Hispanic,3,46.3,0,0,1,15.4
Queens,Female,Black,10,12.7,4,40,14,17.8
Queens,Female,Latino/Hispanic,4,18.2,1,25,3,13.6
Queens,Male,"Asian/Pacific
Islander",3,10.5,1,33.3,2,7
Queens,Male,Black,27,43.6,7,25.9,17,27.4
Queens,Male,Latino/Hispanic,9,40.8,3,33.3,5,22.7
Queens,Male,White,2,21.4,0,0,1,10.7
Queens,Female,Black,1,18,1,100,3,54.1
Queens,Female,Latino/Hispanic,1,4.7,1,100,2,9.4
Queens,Female,White,1,2.3,0,0,1,2.3
Queens,Male,"Asian/Pacific
Islander",6,38.7,1,16.7,3,19.3
Queens,Male,Black,9,201.9,1,11.1,4,89.7
Queens,Male,Latino/Hispanic,26,126,5,19.2,11,53.3
Queens,Male,White,3,6.5,1,33.3,1,2.2
Queens,Female,Black,2,72.2,0,0,1,36.1
Queens,Female,White,1,1.7,0,0,1,1.7
Queens,Male,"Asian/Pacific
Islander",2,11.2,0,0,0,0
Queens,Male,Black,3,122.4,0,0,0,0
Queens,Male,Latino/Hispanic,17,60,1,5.9,4,14.1
Queens,Male,Other/Unknown,1,55.1,0,0,0,0
Queens,Male,White,10,18.4,3,30,7,12.8
Queens,Female,Black,4,17.9,1,25,3,13.4
Queens,Female,Latino/Hispanic,1,8,0,0,2,16
Queens,Male,Black,7,39.9,3,42.9,6,34.2
Queens,Male,Latino/Hispanic,5,43.7,1,20,1,8.7
Queens,Male,White,1,5.8,0,0,0,0
Queens,Female,Black,4,7.2,2,50,4,7.2
Queens,Female,Latino/Hispanic,1,8.4,0,0,0,0
Queens,Male,Black,13,28.3,2,15.4,8,17.4
Queens,Male,Latino/Hispanic,4,37.8,0,0,1,9.4
Queens,Female,"Asian/Pacific
Islander",4,10.8,2,50,2,5.4
Queens,Female,Latino/Hispanic,3,7.5,1,33.3,4,9.9
Queens,Male,"Asian/Pacific
Islander",9,24.6,4,44.4,5,13.7
Queens,Male,Black,8,69.1,2,25,3,25.9
Queens,Male,Latino/Hispanic,21,54.5,4,19,5,13
Queens,Male,Other/Unknown,1,23.7,0,0,0,0
Queens,Male,White,5,21.3,1,20,1,4.3
Queens,Female,"Asian/Pacific
Islander",2,3.9,0,0,2,3.9
Queens,Female,Black,3,31.1,2,66.7,3,31.1
Queens,Female,Latino/Hispanic,5,5.6,2,40,4,4.5
Queens,Female,White,1,3.2,0,0,0,0
Queens,Male,"Asian/Pacific
Islander",13,26.9,9,69.2,12,24.8
Queens,Male,Black,4,34.2,1,25,6,51.3
Queens,Male,Latino/Hispanic,65,62.9,12,18.5,30,29.1
"Staten
Island",Female,Black,6,29.9,0,0,5,24.9
"Staten
Island",Male,Black,11,65.3,2,18.2,5,29.7
"Staten
Island",Male,Latino/Hispanic,6,17.8,1,16.7,4,11.9
"Staten
Island",Male,White,6,5,1,16.7,3,2.5
"Staten
Island",Female,Black,3,38.8,0,0,0,0
"Staten
Island",Male,Black,7,108.7,2,28.6,3,46.6
"Staten
Island",Male,Latino/Hispanic,1,10.4,0,0,1,10.4
"Staten
Island",Male,White,1,11.7,0,0,0,0
"Staten
Island",Male,Black,1,85,0,0,0,0
"Staten
Island",Male,Latino/Hispanic,2,22.7,1,50,1,11.3
"Staten
Island",Male,White,4,6.3,1,25,3,4.7
"Staten
Island",Female,Black,3,30.6,0,0,5,51
"Staten
Island",Male,Black,3,37,0,0,2,24.6
"Staten
Island",Male,Latino/Hispanic,2,19.9,0,0,1,9.9
"Staten
Island",Male,Latino/Hispanic,1,19.5,0,0,1,19.5
"Staten
Island",Male,White,1,4.3,0,0,0,0
Bronx,Female,Black,61,32.5,12,19.7,59,31.4
Bronx,Female,Latino/Hispanic,31,8.9,6,19.4,29,8.3
Bronx,Female,Other/Unknown,1,13.7,1,100,1,13.7
Bronx,Female,White,2,3.5,0,0,5,8.6
Bronx,Male,"Asian/Pacific
Islander",3,12.8,0,0,2,8.5
Bronx,Male,Black,160,102.8,25,15.6,103,66.2
Bronx,Male,Latino/Hispanic,197,66.4,38,19.3,113,38.1
Bronx,Male,Other/Unknown,1,16.5,0,0,1,16.5
Bronx,Male,White,7,12.8,1,14.3,9,16.5
Bronx,Female,Black,13,52.3,0,0,11,44.2
Bronx,Female,Latino/Hispanic,6,9.5,2,33.3,10,15.8
Bronx,Female,Other/Unknown,1,151.6,1,100,1,151.6
Bronx,Female,White,2,140.6,0,0,1,70.3
Bronx,Male,Black,39,176.8,6,15.4,17,77.1
Bronx,Male,Latino/Hispanic,35,66.4,3,8.6,22,41.7
Bronx,Female,Black,11,43.5,3,27.3,10,39.5
Bronx,Female,Latino/Hispanic,5,6.8,2,40,5,6.8
Bronx,Male,Black,26,117.8,3,11.5,14,63.4
Bronx,Male,Latino/Hispanic,37,57.7,7,18.9,22,34.3
Bronx,Male,White,2,24.9,1,50,2,24.9
Bronx,Female,Black,15,50.1,3,20,16,53.4
Bronx,Female,Latino/Hispanic,5,8.5,0,0,2,3.4
Bronx,Male,Black,34,132.6,5,14.7,25,97.5
Bronx,Male,Latino/Hispanic,56,113.1,10,17.9,23,46.5
Bronx,Male,White,1,51.2,0,0,3,153.7
Bronx,Female,Black,4,25.1,1,25,5,31.4
Bronx,Female,Latino/Hispanic,5,12.3,1,20,3,7.4
Bronx,Male,Black,16,114.6,3,18.8,18,128.9
Bronx,Male,Latino/Hispanic,23,63.5,7,30.4,17,46.9
Bronx,Female,Latino/Hispanic,2,10.5,0,0,0,0
Bronx,Male,"Asian/Pacific
Islander",1,57.6,0,0,0,0
Bronx,Male,Black,4,99.8,1,25,1,24.9
Bronx,Male,Latino/Hispanic,6,40.2,1,16.7,2,13.4
Bronx,Male,White,2,14.5,0,0,0,0
Bronx,Female,Black,7,12.2,2,28.6,10,17.4
Bronx,Female,Latino/Hispanic,2,8.3,0,0,1,4.1
Bronx,Male,Black,23,52,4,17.4,9,20.3
Bronx,Male,Latino/Hispanic,11,55.8,2,18.2,8,40.6
Bronx,Female,Black,11,38.2,3,27.3,7,24.3
Bronx,Female,Latino/Hispanic,6,8.6,1,16.7,8,11.5
Bronx,Male,"Asian/Pacific
Islander",2,20.4,0,0,1,10.2
Bronx,Male,Black,18,76.2,3,16.7,19,80.5
Bronx,Male,Latino/Hispanic,29,48.6,8,27.6,19,31.8
Bronx,Male,Other/Unknown,1,63.1,0,0,0,0
Bronx,Male,White,2,9.8,0,0,1,4.9
Brooklyn,Female,"Asian/Pacific
Islander",2,1.4,0,0,0,0
Brooklyn,Female,Black,72,19.5,13,18.1,69,18.7
Brooklyn,Female,Latino/Hispanic,15,7.4,3,20,16,7.9
Brooklyn,Female,Other/Unknown,2,9.7,1,50,1,4.8
Brooklyn,Female,White,8,2,1,12.5,9,2.2
Brooklyn,Male,"Asian/Pacific
Islander",10,7.8,5,50,9,7
Brooklyn,Male,Black,192,68.7,25,13,107,38.3
Brooklyn,Male,Latino/Hispanic,90,47.8,13,14.4,41,21.8
Brooklyn,Male,Other/Unknown,7,41.4,0,0,1,5.9
Brooklyn,Male,White,58,15.3,5,8.6,12,3.2
Brooklyn,Female,Black,27,28.1,3,11.1,28,29.1
Brooklyn,Female,Latino/Hispanic,5,24.6,1,20,3,14.7
Brooklyn,Female,White,1,3.6,0,0,1,3.6
Brooklyn,Male,"Asian/Pacific
Islander",2,44.4,2,100,2,44.4
Brooklyn,Male,Black,55,75.7,4,7.3,27,37.2
Brooklyn,Male,Latino/Hispanic,13,79.7,3,23.1,9,55.2
Brooklyn,Male,White,8,29.1,1,12.5,3,10.9
Brooklyn,Female,Latino/Hispanic,1,7.9,0,0,2,15.7
Brooklyn,Female,White,2,4.2,0,0,2,4.2
Brooklyn,Male,Black,1,61.1,0,0,0,0
Brooklyn,Male,Latino/Hispanic,6,44.1,1,16.7,2,14.7
Brooklyn,Male,White,9,21.3,1,11.1,1,2.4
Brooklyn,Female,"Asian/Pacific
Islander",1,3.3,0,0,0,0
Brooklyn,Female,Other/Unknown,1,42.1,1,100,1,42.1
Brooklyn,Male,"Asian/Pacific
Islander",3,10.1,1,33.3,2,6.8
Brooklyn,Male,Black,3,59.1,1,33.3,1,19.7
Brooklyn,Male,Latino/Hispanic,1,5.9,0,0,1,5.9
Brooklyn,Male,White,3,4.4,0,0,1,1.5
Brooklyn,Female,Black,7,11,2,28.6,8,12.6
Brooklyn,Female,Latino/Hispanic,2,21.4,0,0,0,0
Brooklyn,Male,Black,17,36.4,5,29.4,11,23.6
Brooklyn,Male,Latino/Hispanic,3,42.5,0,0,2,28.3
Brooklyn,Male,White,1,6,0,0,1,6
Brooklyn,Female,Black,3,32.6,2,66.7,5,54.4
Brooklyn,Female,Latino/Hispanic,1,7,0,0,1,7
Brooklyn,Female,White,3,3.7,1,33.3,2,2.5
Brooklyn,Male,Black,5,83.7,1,20,5,83.7
Brooklyn,Male,Latino/Hispanic,5,37.5,1,20,2,15
Brooklyn,Male,White,5,7.2,0,0,1,1.4
Brooklyn,Female,Black,8,42.5,2,25,6,31.9
Brooklyn,Female,Latino/Hispanic,1,5.7,0,0,1,5.7
Brooklyn,Female,Other/Unknown,1,32.1,0,0,0,0
Brooklyn,Female,White,1,1.5,0,0,1,1.5
Brooklyn,Male,"Asian/Pacific
Islander",1,11.3,0,0,0,0
Brooklyn,Male,Black,10,74.8,1,10,4,29.9
Brooklyn,Male,Latino/Hispanic,3,19.7,0,0,2,13.2
Brooklyn,Male,White,4,6.6,1,25,2,3.3
Brooklyn,Female,Black,16,16.6,3,18.8,12,12.4
Brooklyn,Female,Latino/Hispanic,1,7.6,1,100,2,15.2
Brooklyn,Female,White,1,5,0,0,1,5
Brooklyn,Male,Black,45,61.4,8,17.8,27,36.9
Brooklyn,Male,Latino/Hispanic,14,122.8,3,21.4,4,35.1
Brooklyn,Male,Other/Unknown,3,190.7,0,0,0,0
Brooklyn,Male,White,8,40.8,0,0,0,0
Brooklyn,Female,Black,8,17,1,12.5,6,12.8
Brooklyn,Female,Latino/Hispanic,1,3.4,0,0,2,6.9
Brooklyn,Male,"Asian/Pacific
Islander",1,25,0,0,1,25
Brooklyn,Male,Black,35,97.5,3,8.6,18,50.1
Brooklyn,Male,Latino/Hispanic,15,58.8,1,6.7,7,27.4
Brooklyn,Male,Other/Unknown,2,291.1,0,0,0,0
Brooklyn,Male,White,3,97.3,0,0,0,0
Brooklyn,Male,"Asian/Pacific
Islander",1,32,1,100,1,32
Brooklyn,Male,Latino/Hispanic,5,40.2,0,0,0,0
Brooklyn,Male,Other/Unknown,1,82,0,0,0,0
Brooklyn,Male,White,6,15.3,0,0,0,0
Brooklyn,Female,"Asian/Pacific
Islander",1,5.4,0,0,0,0
Brooklyn,Female,Latino/Hispanic,1,5.1,0,0,0,0
Brooklyn,Male,"Asian/Pacific
Islander",1,5.7,1,100,2,11.4
Brooklyn,Male,Latino/Hispanic,8,37.3,1,12.5,4,18.7
Brooklyn,Male,Other/Unknown,1,156.3,0,0,0,0
Brooklyn,Male,White,1,11.9,0,0,0,0
Brooklyn,Female,Black,3,11.4,0,0,3,11.4
Brooklyn,Female,Latino/Hispanic,2,5.2,1,50,4,10.5
Brooklyn,Male,"Asian/Pacific
Islander",1,19.3,0,0,0,0
Brooklyn,Male,Black,21,99.6,2,9.5,12,56.9
Brooklyn,Male,Latino/Hispanic,17,48.3,3,17.6,8,22.7
Brooklyn,Male,White,10,43.6,2,20,3,13.1
Manhattan,Female,Black,21,22.2,4,19,27,28.5
Manhattan,Female,Latino/Hispanic,13,7,3,23.1,9,4.8
Manhattan,Female,White,2,0.5,0,0,2,0.5
Manhattan,Male,"Asian/Pacific
Islander",14,17.4,3,21.4,9,11.2
Manhattan,Male,Black,111,136.6,15,13.5,48,59.1
Manhattan,Male,Latino/Hispanic,108,65.2,20,18.5,66,39.9
Manhattan,Male,Other/Unknown,4,34,2,50,3,25.5
Manhattan,Male,White,55,16.2,4,7.3,29,8.6
Manhattan,Female,Black,9,21.6,3,33.3,12,28.8
Manhattan,Female,Latino/Hispanic,1,4.9,0,0,2,9.8
Manhattan,Male,"Asian/Pacific
Islander",1,24.1,0,0,1,24.1
Manhattan,Male,Black,38,112.4,6,15.8,17,50.3
Manhattan,Male,Latino/Hispanic,19,111.1,3,15.8,11,64.3
Manhattan,Male,Other/Unknown,1,59.8,0,0,1,59.8
Manhattan,Male,White,6,42.7,0,0,3,21.4
Manhattan,Female,Black,1,28,0,0,0,0
Manhattan,Female,Latino/Hispanic,1,9,0,0,0,0
Manhattan,Female,White,1,2.3,0,0,0,0
Manhattan,Male,"Asian/Pacific
Islander",5,41.5,0,0,2,16.6
Manhattan,Male,Black,8,188.3,0,0,4,94.2
Manhattan,Male,Latino/Hispanic,21,178.5,4,19,9,76.5
Manhattan,Male,White,11,22.5,1,9.1,5,10.2
Manhattan,Female,Black,2,12.5,0,0,6,37.6
Manhattan,Female,Latino/Hispanic,1,4.4,0,0,1,4.4
Manhattan,Female,White,1,13.9,0,0,1,13.9
Manhattan,Male,"Asian/Pacific
Islander",1,28,0,0,0,0
Manhattan,Male,Black,12,93.8,2,16.7,7,54.7
Manhattan,Male,Latino/Hispanic,10,49.4,3,30,7,34.6
Manhattan,Male,Other/Unknown,1,178.7,0,0,0,0
Manhattan,Male,White,5,67.9,1,20,2,27.2
Manhattan,Female,Black,1,40.9,0,0,0,0
Manhattan,Female,Latino/Hispanic,2,37.8,0,0,0,0
Manhattan,Male,Black,3,103.7,0,0,2,69.2
Manhattan,Male,Latino/Hispanic,8,161.2,3,37.5,4,80.6
Manhattan,Male,White,4,10,0,0,3,7.5
Manhattan,Male,"Asian/Pacific
Islander",1,16.4,0,0,0,0
Manhattan,Male,Black,1,83.3,0,0,0,0
Manhattan,Male,Latino/Hispanic,5,173.8,0,0,3,104.3
Manhattan,Male,Other/Unknown,1,128.6,1,100,1,128.6
Manhattan,Male,White,5,19.1,0,0,0,0
Manhattan,Male,Black,4,289.4,3,75,2,144.7
Manhattan,Male,White,3,17.1,1,33.3,2,11.4
Manhattan,Female,Black,2,33.7,0,0,1,16.8
Manhattan,Male,"Asian/Pacific
Islander",1,5.2,0,0,0,0
Manhattan,Male,Black,16,288.6,0,0,4,72.2
Manhattan,Male,Latino/Hispanic,8,53.7,1,12.5,4,26.9
Manhattan,Male,White,2,5.2,0,0,2,5.2
Manhattan,Male,"Asian/Pacific
Islander",2,23.8,1,50,1,11.9
Manhattan,Male,Black,1,46.1,0,0,1,46.1
Manhattan,Male,Latino/Hispanic,2,24.5,2,100,4,48.9
Manhattan,Male,White,3,4.8,1,33.3,6,9.6
Manhattan,Male,"Asian/Pacific
Islander",3,37.6,2,66.7,3,37.6
Manhattan,Male,Black,4,76.2,0,0,3,57.2
Manhattan,Male,Latino/Hispanic,9,64.9,2,22.2,6,43.3
Manhattan,Male,Other/Unknown,1,82.4,1,100,1,82.4
Manhattan,Male,White,4,6.8,0,0,1,1.7
Manhattan,Female,Black,6,43.8,1,16.7,5,36.5
Manhattan,Female,Latino/Hispanic,8,10.5,3,37.5,4,5.3
Manhattan,Male,Black,22,183.7,4,18.2,8,66.8
Manhattan,Male,Latino/Hispanic,26,37.6,2,7.7,17,24.6
Manhattan,Male,White,12,48.8,0,0,5,20.3
Queens,Female,"Asian/Pacific
Islander",3,1.1,2,66.7,4,1.5
Queens,Female,Black,40,20.7,11,27.5,21,10.9
Queens,Female,Latino/Hispanic,19,7.3,5,26.3,15,5.8
Queens,Female,White,2,0.8,1,50,1,0.4
Queens,Male,"Asian/Pacific
Islander",31,12.5,6,19.4,11,4.4
Queens,Male,Black,62,38.7,13,21,37,23.1
Queens,Male,Latino/Hispanic,134,51.4,28,20.9,66,25.3
Queens,Male,Other/Unknown,5,25.8,0,0,0,0
Queens,Male,White,15,6.1,4,26.7,8,3.3
Queens,Female,Latino/Hispanic,1,21.1,0,0,0,0
Queens,Female,Black,1,39.4,0,0,0,0
Queens,Male,"Asian/Pacific
Islander",9,16.7,3,33.3,4,7.4
Queens,Male,Black,1,53.8,0,0,1,53.8
Queens,Male,Latino/Hispanic,6,34.9,1,16.7,3,17.4
Queens,Male,White,1,3.7,1,100,2,7.3
Queens,Female,"Asian/Pacific
Islander",1,6,0,0,0,0
Queens,Female,Black,1,26.9,0,0,0,0
Queens,Male,"Asian/Pacific
Islander",2,13.6,0,0,0,0
Queens,Male,Black,1,39.1,0,0,0,0
Queens,Male,Latino/Hispanic,2,30.9,0,0,0,0
Queens,Male,White,1,7.1,1,100,1,7.1
Queens,Female,"Asian/Pacific
Islander",1,3.3,1,100,1,3.3
Queens,Female,Black,11,14.2,4,36.4,8,10.3
Queens,Female,Latino/Hispanic,2,9.1,1,50,3,13.7
Queens,Male,Black,26,42.3,3,11.5,9,14.6
Queens,Male,Latino/Hispanic,13,59.3,2,15.4,7,31.9
Queens,Male,Other/Unknown,1,31.2,0,0,0,0
Queens,Male,White,1,10.9,0,0,0,0
Queens,Female,Black,1,18.3,1,100,1,18.3
Queens,Female,Latino/Hispanic,3,14.1,1,33.3,1,4.7
Queens,Male,Black,5,113.4,1,20,1,22.7
Queens,Male,Latino/Hispanic,16,78.1,5,31.3,9,43.9
Queens,Male,Other/Unknown,1,60.2,0,0,0,0
Queens,Male,White,3,6.6,0,0,1,2.2
Queens,Female,Black,1,36.5,0,0,1,36.5
Queens,Male,"Asian/Pacific
Islander",2,11.1,0,0,0,0
Queens,Male,Black,2,81.9,0,0,2,81.9
Queens,Male,Latino/Hispanic,13,46.2,3,23.1,5,17.8
Queens,Male,Other/Unknown,2,109.7,0,0,0,0
Queens,Male,White,3,5.6,0,0,1,1.9
Queens,Female,Black,8,36.3,4,50,9,40.8
Queens,Male,"Asian/Pacific
Islander",1,45.7,0,0,0,0
Queens,Male,Black,5,28.8,2,40,6,34.5
Queens,Male,Latino/Hispanic,1,8.8,0,0,1,8.8
Queens,Male,White,1,5.8,0,0,0,0
Queens,Female,Black,14,25.4,2,14.3,1,1.8
Queens,Female,White,1,8.2,1,100,1,8.2
Queens,Male,"Asian/Pacific
Islander",1,6.5,0,0,0,0
Queens,Male,Black,10,21.9,3,30,9,19.7
Queens,Male,Latino/Hispanic,4,37.8,2,50,4,37.8
Queens,Female,Black,1,7.9,0,0,1,7.9
Queens,Female,Latino/Hispanic,3,7.5,0,0,3,7.5
Queens,Male,"Asian/Pacific
Islander",7,19.2,3,42.9,6,16.5
Queens,Male,Black,6,52.3,3,50,5,43.6
Queens,Male,Latino/Hispanic,9,23.5,1,11.1,5,13.1
Queens,Male,Other/Unknown,1,23.7,0,0,0,0
Queens,Male,White,2,8.7,1,50,1,4.3
Queens,Female,"Asian/Pacific
Islander",1,1.9,1,100,1,1.9
Queens,Female,Black,2,20.9,0,0,0,0
Queens,Female,Latino/Hispanic,10,11.2,3,30,5,5.6
Queens,Female,White,1,3.3,0,0,0,0
Queens,Male,"Asian/Pacific
Islander",9,18.7,0,0,1,2.1
Queens,Male,Black,5,43.1,1,20,4,34.5
Queens,Male,Latino/Hispanic,70,68.5,14,20,32,31.3
Queens,Male,White,3,10,1,33.3,2,6.6
"Staten
Island",Female,Black,3,15.1,0,0,3,15.1
"Staten
Island",Female,Latino/Hispanic,2,5.6,1,50,2,5.6
"Staten
Island",Female,White,4,3.1,2,50,1,0.8
"Staten
Island",Male,Black,10,59,0,0,5,29.5
"Staten
Island",Male,Latino/Hispanic,6,17.7,0,0,1,3
"Staten
Island",Male,Other/Unknown,1,38,1,100,1,38
"Staten
Island",Male,White,5,4.2,0,0,2,1.7
"Staten
Island",Female,Latino/Hispanic,1,10.3,1,100,2,20.6
"Staten
Island",Female,White,1,11.2,1,100,1,11.2
"Staten
Island",Male,Black,5,77.4,0,0,2,31
"Staten
Island",Male,Latino/Hispanic,2,20.7,0,0,0,0
"Staten
Island",Male,White,1,11.9,0,0,1,11.9
"Staten
Island",Female,Latino/Hispanic,1,10.5,0,0,0,0
"Staten
Island",Female,White,1,1.5,0,0,0,0
"Staten
Island",Male,Latino/Hispanic,1,11.3,0,0,0,0
"Staten
Island",Male,White,2,3.2,0,0,0,0
"Staten
Island",Female,Black,3,30.9,0,0,0,0
"Staten
Island",Female,White,1,3.8,0,0,0,0
"Staten
Island",Male,Black,5,61.3,0,0,2,24.5
"Staten
Island",Male,Latino/Hispanic,2,19.8,0,0,1,9.9
"Staten
Island",Female,White,1,4,1,100,0,0
"Staten
Island",Male,Latino/Hispanic,1,19.3,0,0,0,0
"Staten
Island",Male,White,2,8.7,0,0,0,0
Bronx,Female,Black,45,24.3,12,26.7,46,24.9
Bronx,Female,Latino/Hispanic,27,7.8,2,7.4,39,11.2
Bronx,Male,"Asian/Pacific
Islander",4,17.1,1,25,3,12.9
Bronx,Male,Black,98,63.7,15,15.3,82,53.3
Bronx,Male,Latino/Hispanic,114,38.7,13,11.4,63,21.4
Bronx,Male,White,18,34.1,4,22.2,9,17.1
Bronx,Female,Black,6,24.5,2,33.3,7,28.6
Bronx,Female,Latino/Hispanic,6,9.5,1,16.7,10,15.9
Bronx,Male,"Asian/Pacific
Islander",2,125.7,1,50,1,62.9
Bronx,Male,Black,19,87.4,1,5.3,24,110.3
Bronx,Male,Latino/Hispanic,22,42.1,2,9.1,17,32.5
Bronx,Male,White,1,67.5,0,0,2,135
Bronx,Female,Black,8,32.1,3,37.5,10,40.1
Bronx,Female,Latino/Hispanic,3,4.1,0,0,6,8.2
Bronx,Male,"Asian/Pacific
Islander",1,22.1,0,0,1,22.1
Bronx,Male,Black,16,73.4,2,12.5,10,45.9
Bronx,Male,Latino/Hispanic,24,37.8,3,12.5,12,18.9
Bronx,Male,White,3,38.6,2,66.7,2,25.7
Bronx,Female,Black,13,44,3,23.1,11,37.3
Bronx,Female,Latino/Hispanic,6,10.3,1,16.7,6,10.3
Bronx,Male,Black,25,98.6,6,24,18,71
Bronx,Male,Latino/Hispanic,20,40.7,1,5,9,18.3
Bronx,Male,White,4,212.7,2,50,3,159.5
Bronx,Female,Black,4,25.6,0,0,3,19.2
Bronx,Female,Latino/Hispanic,6,14.8,0,0,6,14.8
Bronx,Male,Black,11,80,1,9.1,7,50.9
Bronx,Male,Latino/Hispanic,16,44.5,1,6.3,12,33.4
Bronx,Male,White,1,91,0,0,0,0
Bronx,Male,Latino/Hispanic,2,13.5,0,0,1,6.7
Bronx,Male,White,1,7.5,0,0,1,7.5
Bronx,Female,Black,8,14.1,3,37.5,9,15.9
Bronx,Female,Latino/Hispanic,4,16.6,0,0,1,4.2
Bronx,Male,Black,8,18.3,1,12.5,12,27.4
Bronx,Male,Latino/Hispanic,8,40.8,1,12.5,4,20.4
Bronx,Male,White,1,13.5,0,0,0,0
Bronx,Female,Black,6,21.1,1,16.7,6,21.1
Bronx,Female,Latino/Hispanic,2,2.9,0,0,10,14.4
Bronx,Male,"Asian/Pacific
Islander",1,10.2,0,0,0,0
Bronx,Male,Black,19,81.4,4,21.1,8,34.3
Bronx,Male,Latino/Hispanic,22,37.1,5,22.7,8,13.5
Bronx,Male,White,7,35.5,0,0,1,5.1
Brooklyn,Female,"Asian/Pacific
Islander",1,0.7,0,0,2,1.4
Brooklyn,Female,Black,65,17.9,19,29.2,53,14.6
Brooklyn,Female,Latino/Hispanic,17,8.4,5,29.4,14,6.9
Brooklyn,Female,Other/Unknown,2,9.5,0,0,0,0
Brooklyn,Female,White,4,1,1,25,5,1.3
Brooklyn,Male,"Asian/Pacific
Islander",7,5.5,1,14.3,4,3.1
Brooklyn,Male,Black,197,71.5,39,19.8,100,36.3
Brooklyn,Male,Latino/Hispanic,67,35.9,19,28.4,49,26.3
Brooklyn,Male,Other/Unknown,1,5.8,0,0,0,0
Brooklyn,Male,White,49,13,11,22.4,20,5.3
Brooklyn,Female,Black,14,14.8,3,21.4,16,16.9
Brooklyn,Female,Latino/Hispanic,2,9.9,2,100,6,29.7
Brooklyn,Female,Other/Unknown,1,30.4,0,0,0,0
Brooklyn,Male,Black,67,93.5,13,19.4,27,37.7
Brooklyn,Male,Latino/Hispanic,8,49.5,2,25,10,61.9
Brooklyn,Male,Other/Unknown,1,44.9,0,0,0,0
Brooklyn,Male,White,7,25.7,1,14.3,2,7.3
Brooklyn,Male,Latino/Hispanic,2,14.9,1,50,2,14.9
Brooklyn,Male,White,3,7.1,0,0,2,4.8
Brooklyn,Male,"Asian/Pacific
Islander",3,10.2,0,0,2,6.8
Brooklyn,Male,Black,1,20,0,0,0,0
Brooklyn,Male,Latino/Hispanic,5,29.9,3,60,4,23.9
Brooklyn,Male,White,4,5.9,0,0,2,3
Brooklyn,Female,Black,7,11.2,2,28.6,5,8
Brooklyn,Female,Latino/Hispanic,2,21.5,0,0,0,0
Brooklyn,Female,White,1,5.4,0,0,0,0
Brooklyn,Male,Black,16,34.8,7,43.8,16,34.8
Brooklyn,Male,Latino/Hispanic,1,14.3,0,0,3,42.8
Brooklyn,Male,White,1,6,0,0,0,0
Brooklyn,Female,Latino/Hispanic,1,7,0,0,0,0
Brooklyn,Female,White,1,1.3,1,100,2,2.5
Brooklyn,Male,Black,3,51.1,1,33.3,3,51.1
Brooklyn,Male,Latino/Hispanic,6,45.5,2,33.3,3,22.7
Brooklyn,Male,White,7,10.1,2,28.6,4,5.8
Brooklyn,Female,Black,5,27,2,40,4,21.6
Brooklyn,Female,White,2,3.1,0,0,0,0
Brooklyn,Male,"Asian/Pacific
Islander",1,11.3,0,0,0,0
Brooklyn,Male,Black,7,53,1,14.3,3,22.7
Brooklyn,Male,Latino/Hispanic,4,26.5,2,50,2,13.3
Brooklyn,Male,White,10,16.5,1,10,2,3.3
Brooklyn,Female,Black,19,20,6,31.6,11,11.6
Brooklyn,Female,Latino/Hispanic,3,23,0,0,2,15.4
Brooklyn,Female,Other/Unknown,1,44.3,0,0,0,0
Brooklyn,Male,Black,42,58.1,11,26.2,26,36
Brooklyn,Male,Latino/Hispanic,9,79.7,3,33.3,7,62
Brooklyn,Male,White,2,10.3,1,50,1,5.1
Brooklyn,Female,"Asian/Pacific
Islander",1,24.8,0,0,0,0
Brooklyn,Female,Black,11,23.8,2,18.2,7,15.2
Brooklyn,Female,Latino/Hispanic,1,3.5,0,0,1,3.5
Brooklyn,Male,Black,36,101.9,4,11.1,12,34
Brooklyn,Male,Latino/Hispanic,13,51.5,1,7.7,8,31.7
Brooklyn,Female,Latino/Hispanic,2,14.3,0,0,0,0
Brooklyn,Male,Black,4,199.8,1,25,1,49.9
Brooklyn,Male,Latino/Hispanic,2,16.2,1,50,1,8.1
Brooklyn,Male,White,2,5.1,0,0,0,0
Brooklyn,Female,Black,1,85.7,0,0,0,0
Brooklyn,Female,Latino/Hispanic,4,20.7,2,50,2,10.4
Brooklyn,Male,"Asian/Pacific
Islander",1,5.7,0,0,0,0
Brooklyn,Male,Black,1,60.5,0,0,0,0
Brooklyn,Male,Latino/Hispanic,2,9.4,0,0,1,4.7
Brooklyn,Female,Black,8,31,4,50,7,27.1
Brooklyn,Female,Latino/Hispanic,2,5.3,1,50,2,5.3
Brooklyn,Male,"Asian/Pacific
Islander",2,38.7,1,50,2,38.7
Brooklyn,Male,Black,20,96.2,1,5,11,52.9
Brooklyn,Male,Latino/Hispanic,15,43.1,4,26.7,8,23
Brooklyn,Male,White,13,57.3,6,46.2,6,26.4
Manhattan,Female,"Asian/Pacific
Islander",1,1,1,100,1,1
Manhattan,Female,Black,16,17.1,2,12.5,19,20.3
Manhattan,Female,Latino/Hispanic,15,8.1,5,33.3,13,7.1
Manhattan,Female,Other/Unknown,1,6.7,0,0,0,0
Manhattan,Female,White,1,0.3,0,0,2,0.6
Manhattan,Male,"Asian/Pacific
Islander",7,8.7,2,28.6,7,8.7
Manhattan,Male,Black,98,121.4,17,17.3,60,74.3
Manhattan,Male,Latino/Hispanic,82,49.9,14,17.1,51,31.1
Manhattan,Male,Other/Unknown,3,25.2,2,66.7,5,42
Manhattan,Male,White,58,17.5,9,15.5,43,13
Manhattan,Female,Black,7,17,1,14.3,7,17
Manhattan,Female,Latino/Hispanic,1,5,0,0,1,5
Manhattan,Female,White,1,7.1,0,0,0,0
Manhattan,Male,"Asian/Pacific
Islander",1,24.6,0,0,0,0
Manhattan,Male,Black,30,89.4,5,16.7,22,65.6
Manhattan,Male,Latino/Hispanic,11,65.1,2,18.2,4,23.7
Manhattan,Male,White,4,29.2,0,0,3,21.9
Manhattan,Female,Black,1,28.2,0,0,1,28.2
Manhattan,Male,"Asian/Pacific
Islander",1,8.4,1,100,2,16.7
Manhattan,Male,Black,17,400.4,5,29.4,8,188.4
Manhattan,Male,Latino/Hispanic,20,170.2,2,10,14,119.2
Manhattan,Male,White,13,27.1,2,15.4,15,31.3
Manhattan,Female,Black,5,31.7,0,0,5,31.7
Manhattan,Female,Latino/Hispanic,4,17.9,2,50,4,17.9
Manhattan,Male,Black,10,78.9,1,10,4,31.5
Manhattan,Male,Latino/Hispanic,13,64.8,3,23.1,4,19.9
Manhattan,Female,Latino/Hispanic,1,19.1,0,0,0,0
Manhattan,Male,"Asian/Pacific
Islander",1,10.7,0,0,0,0
Manhattan,Male,Black,2,69.6,0,0,4,139.2
Manhattan,Male,Latino/Hispanic,4,81.2,0,0,3,60.9
Manhattan,Male,White,7,17.8,0,0,3,7.6
Manhattan,Female,Black,1,156.5,0,0,0,0
Manhattan,Male,Black,4,335.7,1,25,2,167.9
Manhattan,Male,Latino/Hispanic,1,35.1,0,0,0,0
Manhattan,Male,White,8,31.2,1,12.5,6,23.4
Manhattan,Female,Latino/Hispanic,1,34.5,0,0,0,0
Manhattan,Male,"Asian/Pacific
Islander",1,17.5,0,0,0,0
Manhattan,Male,Black,2,145.4,0,0,2,145.4
Manhattan,Male,White,2,11.6,0,0,0,0
Manhattan,Female,"Asian/Pacific
Islander",1,4.3,1,100,1,4.3
Manhattan,Female,Latino/Hispanic,2,11.1,1,50,1,5.6
Manhattan,Male,"Asian/Pacific
Islander",2,10.3,0,0,0,0
Manhattan,Male,Black,8,145.5,1,12.5,2,36.4
Manhattan,Male,Latino/Hispanic,5,33.8,3,60,5,33.8
Manhattan,Male,White,3,8,1,33.3,6,16
Manhattan,Female,Latino/Hispanic,1,9.8,0,0,0,0
Manhattan,Male,Black,1,46.3,0,0,1,46.3
Manhattan,Male,Latino/Hispanic,1,12.3,0,0,2,24.6
Manhattan,Male,Other/Unknown,1,68.9,1,100,1,68.9
Manhattan,Male,White,4,6.5,0,0,1,1.6
Manhattan,Female,Other/Unknown,1,57.1,0,0,0,0
Manhattan,Male,"Asian/Pacific
Islander",1,12.7,1,100,2,25.3
Manhattan,Male,Black,6,114.7,1,16.7,6,114.7
Manhattan,Male,Latino/Hispanic,1,7.2,1,100,8,58
Manhattan,Male,White,8,13.9,3,37.5,5,8.7
Manhattan,Female,Black,2,14.7,1,50,5,36.8
Manhattan,Female,Latino/Hispanic,5,6.6,2,40,4,5.3
Manhattan,Male,Black,16,134.4,2,12.5,6,50.4
Manhattan,Male,Latino/Hispanic,24,35,3,12.5,10,14.6
Manhattan,Male,Other/Unknown,2,134.9,1,50,1,67.5
Manhattan,Male,White,8,33.3,2,25,3,12.5
Queens,Female,"Asian/Pacific
Islander",4,1.5,0,0,1,0.4
Queens,Female,Black,21,11,2,9.5,11,5.8
Queens,Female,Latino/Hispanic,11,4.3,0,0,3,1.2
Queens,Female,White,5,2,1,20,2,0.8
Queens,Male,"Asian/Pacific
Islander",33,13.4,9,27.3,12,4.9
Queens,Male,Black,66,41.7,12,18.2,35,22.1
Queens,Male,Latino/Hispanic,103,39.9,24,23.3,49,19
Queens,Male,Other/Unknown,2,10.4,0,0,1,5.2
Queens,Male,White,31,13,8,25.8,12,5
Queens,Female,"Asian/Pacific
Islander",1,1.6,0,0,0,0
Queens,Male,"Asian/Pacific
Islander",5,9.3,1,20,2,3.7
Queens,Male,Black,2,108.2,1,50,1,54.1
Queens,Male,Latino/Hispanic,8,46.7,1,12.5,3,17.5
Queens,Male,White,1,3.7,0,0,1,3.7
Queens,Male,"Asian/Pacific
Islander",1,6.8,1,100,1,6.8
Queens,Male,Black,2,79.3,0,0,1,39.7
Queens,Male,Latino/Hispanic,2,31,1,50,1,15.5
Queens,Female,"Asian/Pacific
Islander",2,6.7,0,0,1,3.3
Queens,Female,Black,6,7.8,0,0,5,6.5
Queens,Female,Latino/Hispanic,2,9.2,0,0,1,4.6
Queens,Female,White,1,11.6,1,100,2,23.2
Queens,Male,"Asian/Pacific
Islander",5,17.6,1,20,2,7
Queens,Male,Black,22,36.2,4,18.2,11,18.1
Queens,Male,Latino/Hispanic,8,36.8,3,37.5,6,27.6
Queens,Male,Other/Unknown,1,31.3,0,0,0,0
Queens,Female,Black,2,37.3,1,50,1,18.6
Queens,Female,Latino/Hispanic,1,4.7,0,0,0,0
Queens,Female,White,1,2.4,0,0,0,0
Queens,Male,"Asian/Pacific
Islander",6,39.1,2,33.3,2,13
Queens,Male,Black,2,46.1,0,0,5,115.3
Queens,Male,Latino/Hispanic,11,54.2,2,18.2,6,29.6
Queens,Male,White,12,27.2,3,25,3,6.8
Queens,Female,Latino/Hispanic,1,3.2,0,0,0,0
Queens,Female,White,2,3.5,0,0,0,0
Queens,Male,"Asian/Pacific
Islander",1,5.6,0,0,0,0
Queens,Male,Black,7,289,1,14.3,1,41.3
Queens,Male,Latino/Hispanic,10,35.9,1,10,3,10.8
Queens,Male,White,6,11.5,2,33.3,2,3.8
Queens,Female,Black,3,13.8,0,0,1,4.6
Queens,Male,"Asian/Pacific
Islander",1,45.7,1,100,1,45.7
Queens,Male,Black,9,52.5,2,22.2,7,40.8
Queens,Male,Latino/Hispanic,4,35.3,1,25,2,17.7
Queens,Male,White,3,17.9,0,0,0,0
Queens,Female,Black,5,9.2,0,0,0,0
Queens,Male,Black,13,28.8,2,15.4,5,11.1
Queens,Male,Latino/Hispanic,4,37.9,0,0,0,0
Queens,Male,Other/Unknown,1,43.2,0,0,0,0
Queens,Female,Black,4,32.4,1,25,1,8.1
Queens,Female,Latino/Hispanic,2,5,0,0,0,0
Queens,Male,"Asian/Pacific
Islander",7,19.4,0,0,1,2.8
Queens,Male,Black,7,61.8,2,28.6,3,26.5
Queens,Male,Latino/Hispanic,7,18.4,2,28.6,4,10.5
Queens,Male,White,1,4.4,1,100,2,8.8
Queens,Female,"Asian/Pacific
Islander",1,1.9,0,0,0,0
Queens,Female,Black,1,10.6,0,0,3,31.8
Queens,Female,Latino/Hispanic,5,5.7,0,0,1,1.1
Queens,Female,White,1,3.4,0,0,0,0
Queens,Male,"Asian/Pacific
Islander",7,14.6,3,42.9,3,6.2
Queens,Male,Black,2,17.5,0,0,1,8.7
Queens,Male,Latino/Hispanic,49,48.5,13,26.5,23,22.8
Queens,Male,White,8,27.2,2,25,3,10.2
"Staten
Island",Female,"Asian/Pacific
Islander",1,4.1,0,0,0,0
"Staten
Island",Female,Black,1,5,0,0,0,0
"Staten
Island",Female,Latino/Hispanic,2,5.5,0,0,0,0
"Staten
Island",Male,"Asian/Pacific
Islander",2,8.9,0,0,0,0
"Staten
Island",Male,Black,10,59.1,1,10,4,23.6
"Staten
Island",Male,Latino/Hispanic,4,11.7,0,0,5,14.6
"Staten
Island",Male,Other/Unknown,1,37.1,0,0,0,0
"Staten
Island",Male,White,4,3.4,3,75,6,5.1
"Staten
Island",Female,Black,1,13,0,0,0,0
"Staten
Island",Male,"Asian/Pacific
Islander",2,75.4,0,0,0,0
"Staten
Island",Male,Black,2,31,0,0,1,15.5
"Staten
Island",Male,Latino/Hispanic,1,10.2,0,0,0,0
"Staten
Island",Male,Latino/Hispanic,2,22.2,0,0,2,22.2
"Staten
Island",Male,Other/Unknown,1,118,0,0,0,0
"Staten
Island",Male,White,2,3.2,1,50,2,3.2
"Staten
Island",Female,Latino/Hispanic,2,18.7,0,0,0,0
"Staten
Island",Male,Black,6,73.6,1,16.7,2,24.5
"Staten
Island",Male,Latino/Hispanic,1,9.8,0,0,3,29.3
"Staten
Island",Male,White,2,8.3,2,100,4,16.6
"Staten
Island",Female,"Asian/Pacific
Islander",1,12.4,0,0,0,0
"Staten
Island",Male,Black,2,177,0,0,1,88.5
Bronx,Female,Black,44,23,12,27.3,46,24
Bronx,Female,Latino/Hispanic,28,7.8,2,7.1,39,10.8
Bronx,Male,"Asian/Pacific
Islander",4,16.4,1,25,3,12.3
Bronx,Male,Black,96,59,13,13.5,83,51
Bronx,Male,Latino/Hispanic,115,37.1,15,13,66,21.3
Bronx,Male,White,18,32,4,22.2,9,16
Bronx,Female,Black,6,23.8,2,33.3,7,27.7
Bronx,Female,Latino/Hispanic,6,9.4,1,16.7,10,15.7
Bronx,Male,"Asian/Pacific
Islander",2,107.5,1,50,1,53.7
Bronx,Male,Black,20,87.3,1,5,24,104.8
Bronx,Male,Latino/Hispanic,23,43,2,8.7,17,31.8
Bronx,Male,White,1,53.3,0,0,2,106.7
Bronx,Female,Black,8,31.1,4,50,11,42.7
Bronx,Female,Latino/Hispanic,4,5.2,0,0,6,7.8
Bronx,Male,"Asian/Pacific
Islander",1,24.7,0,0,1,24.7
Bronx,Male,Black,15,65.1,2,13.3,10,43.4
Bronx,Male,Latino/Hispanic,24,35.4,3,12.5,12,17.7
Bronx,Male,White,3,35.4,2,66.7,2,23.6
Bronx,Female,Black,13,41.6,3,23.1,11,35.2
Bronx,Female,Latino/Hispanic,4,6.7,0,0,5,8.4
Bronx,Male,Black,22,80.4,4,18.2,16,58.5
Bronx,Male,Latino/Hispanic,17,33.4,2,11.8,11,21.6
Bronx,Male,White,4,173.7,2,50,3,130.3
Bronx,Female,Black,4,23.8,0,0,2,11.9
Bronx,Female,Latino/Hispanic,8,19.3,1,12.5,7,16.9
Bronx,Male,Black,12,79.8,1,8.3,9,59.8
Bronx,Male,Latino/Hispanic,14,37.7,1,7.1,12,32.3
Bronx,Male,White,2,166.3,0,0,0,0
Bronx,Male,Latino/Hispanic,3,18.7,1,33.3,2,12.4
Bronx,Male,White,1,7.1,0,0,1,7.1
Bronx,Female,Black,7,11.9,2,28.6,9,15.3
Bronx,Female,Latino/Hispanic,4,15.7,0,0,1,3.9
Bronx,Male,Black,8,17.2,1,12.5,13,27.9
Bronx,Male,Latino/Hispanic,10,47.4,1,10,4,19
Bronx,Male,White,1,13.4,0,0,0,0
Bronx,Female,Black,6,21.5,1,16.7,6,21.5
Bronx,Female,Latino/Hispanic,2,2.7,0,0,10,13.6
Bronx,Male,"Asian/Pacific
Islander",1,9,0,0,0,0
Bronx,Male,Black,19,80.9,4,21.1,8,34.1
Bronx,Male,Latino/Hispanic,24,37.9,5,20.8,8,12.6
Bronx,Male,White,6,28.6,0,0,1,4.8
Brooklyn,Female,"Asian/Pacific
Islander",1,0.7,0,0,2,1.3
Brooklyn,Female,Black,64,16.7,17,26.6,52,13.6
Brooklyn,Female,Latino/Hispanic,17,7.9,5,29.4,14,6.5
Brooklyn,Female,Other/Unknown,2,8.8,0,0,0,0
Brooklyn,Female,White,4,0.9,1,25,5,1.2
Brooklyn,Male,"Asian/Pacific
Islander",7,5.1,1,14.3,4,2.9
Brooklyn,Male,Black,196,66.3,40,20.4,98,33.1
Brooklyn,Male,Latino/Hispanic,72,35.8,19,26.4,52,25.9
Brooklyn,Male,Other/Unknown,1,5.3,0,0,0,0
Brooklyn,Male,White,49,11.9,11,22.4,19,4.6
Brooklyn,Female,Black,13,13.1,2,15.4,16,16.2
Brooklyn,Female,Latino/Hispanic,2,9.3,2,100,6,27.8
Brooklyn,Female,Other/Unknown,1,27.2,0,0,0,0
Brooklyn,Male,Black,68,89.4,15,22.1,28,36.8
Brooklyn,Male,Latino/Hispanic,11,62.5,3,27.3,11,62.5
Brooklyn,Male,Other/Unknown,1,39.2,0,0,0,0
Brooklyn,Male,White,6,18.5,1,16.7,2,6.2
Brooklyn,Male,Latino/Hispanic,2,13.7,1,50,2,13.7
Brooklyn,Male,White,3,6.6,0,0,2,4.4
Brooklyn,Male,"Asian/Pacific
Islander",3,9.2,0,0,2,6.1
Brooklyn,Male,Black,1,17.3,0,0,0,0
Brooklyn,Male,Latino/Hispanic,6,33.6,4,66.7,5,28
Brooklyn,Male,White,4,5.5,0,0,2,2.7
Brooklyn,Female,Black,7,10.5,1,14.3,4,6
Brooklyn,Female,Latino/Hispanic,2,20.8,0,0,0,0
Brooklyn,Female,White,1,5.4,0,0,0,0
Brooklyn,Male,Black,15,30.2,6,40,13,26.2
Brooklyn,Male,White,1,5.9,0,0,0,0
Brooklyn,Female,Latino/Hispanic,1,6.7,0,0,0,0
Brooklyn,Female,White,1,1.2,1,100,2,2.4
Brooklyn,Male,Black,4,61.6,2,50,4,61.6
Brooklyn,Male,Latino/Hispanic,4,28.5,1,25,2,14.2
Brooklyn,Male,White,8,10.8,3,37.5,4,5.4
Brooklyn,Female,Black,6,31.8,3,50,5,26.5
Brooklyn,Female,White,2,2.8,0,0,0,0
Brooklyn,Male,"Asian/Pacific
Islander",1,10.1,0,0,0,0
Brooklyn,Male,Black,7,51.4,1,14.3,3,22
Brooklyn,Male,Latino/Hispanic,6,36.7,2,33.3,3,18.4
Brooklyn,Male,White,10,14.8,1,10,1,1.5
Brooklyn,Female,Black,19,19.1,6,31.6,11,11.1
Brooklyn,Female,Latino/Hispanic,3,21.2,0,0,2,14.1
Brooklyn,Female,Other/Unknown,1,34,0,0,0,0
Brooklyn,Male,Black,43,56,10,23.3,25,32.6
Brooklyn,Male,Latino/Hispanic,8,64.4,2,25,7,56.3
Brooklyn,Male,White,2,9.2,1,50,1,4.6
Brooklyn,Female,"Asian/Pacific
Islander",1,22.8,0,0,0,0
Brooklyn,Female,Black,11,22.2,1,9.1,6,12.1
Brooklyn,Female,Latino/Hispanic,2,6.4,0,0,1,3.2
Brooklyn,Male,Black,34,88.4,4,11.8,10,26
Brooklyn,Male,Latino/Hispanic,15,53.7,1,6.7,8,28.6
Brooklyn,Female,Latino/Hispanic,2,13.6,0,0,0,0
Brooklyn,Male,Black,5,205.8,1,20,2,82.3
Brooklyn,Male,Latino/Hispanic,1,7.6,1,100,2,15.2
Brooklyn,Male,White,3,7.5,0,0,0,0
Brooklyn,Female,Latino/Hispanic,3,14.8,2,66.7,2,9.9
Brooklyn,Male,"Asian/Pacific
Islander",1,5.7,0,0,0,0
Brooklyn,Male,Black,1,49.3,0,0,0,0
Brooklyn,Male,Latino/Hispanic,3,13.3,0,0,0,0
Brooklyn,Female,Black,8,29.6,4,50,7,25.9
Brooklyn,Female,Latino/Hispanic,2,5,1,50,2,5
Brooklyn,Male,"Asian/Pacific
Islander",2,37,1,50,2,37
Brooklyn,Male,Black,18,81.4,1,5.6,12,54.2
Brooklyn,Male,Latino/Hispanic,16,43.2,4,25,9,24.3
Brooklyn,Male,White,12,45.5,5,41.7,6,22.7
Manhattan,Female,"Asian/Pacific
Islander",1,0.9,1,100,1,0.9
Manhattan,Female,Black,13,13.5,0,0,19,19.7
Manhattan,Female,Latino/Hispanic,15,7.9,5,33.3,13,6.8
Manhattan,Female,Other/Unknown,1,6.4,0,0,0,0
Manhattan,Female,White,1,0.3,0,0,2,0.5
Manhattan,Male,"Asian/Pacific
Islander",7,8.4,2,28.6,7,8.4
Manhattan,Male,Black,99,117.1,15,15.2,60,71
Manhattan,Male,Latino/Hispanic,83,48.2,14,16.9,49,28.5
Manhattan,Male,Other/Unknown,2,15.9,1,50,4,31.7
Manhattan,Male,White,59,16.7,10,16.9,45,12.7
Manhattan,Female,Black,7,16.4,0,0,7,16.4
Manhattan,Female,Latino/Hispanic,1,4.8,0,0,1,4.8
Manhattan,Female,White,1,6.6,0,0,0,0
Manhattan,Male,"Asian/Pacific
Islander",1,22.6,0,0,0,0
Manhattan,Male,Black,32,90.2,5,15.6,23,64.8
Manhattan,Male,Latino/Hispanic,11,62.3,2,18.2,4,22.6
Manhattan,Male,White,3,19.9,0,0,3,19.9
Manhattan,Female,Black,1,31.1,0,0,1,31.1
Manhattan,Male,"Asian/Pacific
Islander",1,8.6,1,100,2,17.1
Manhattan,Male,Black,15,385.2,4,26.7,8,205.4
Manhattan,Male,Latino/Hispanic,20,166.7,2,10,12,100
Manhattan,Male,White,14,28.1,2,14.3,16,32.2
Manhattan,Female,Black,4,24.9,0,0,5,31.1
Manhattan,Female,Latino/Hispanic,4,17.8,2,50,4,17.8
Manhattan,Male,Black,12,90.8,1,8.3,3,22.7
Manhattan,Male,Latino/Hispanic,12,58.4,3,25,4,19.5
Manhattan,Female,Latino/Hispanic,1,15.2,0,0,0,0
Manhattan,Male,"Asian/Pacific
Islander",1,11.1,0,0,0,0
Manhattan,Male,Black,2,62.4,0,0,4,124.9
Manhattan,Male,Latino/Hispanic,4,64.1,0,0,2,32.1
Manhattan,Male,White,7,16.9,0,0,3,7.3
Manhattan,Male,Black,5,442.5,1,20,2,177
Manhattan,Male,Latino/Hispanic,1,31.1,0,0,0,0
Manhattan,Male,White,8,29,1,12.5,5,18.1
Manhattan,Female,Latino/Hispanic,1,33.3,0,0,0,0
Manhattan,Male,"Asian/Pacific
Islander",1,18,0,0,0,0
Manhattan,Male,Black,2,126.6,0,0,1,63.3
Manhattan,Male,White,2,11.3,0,0,0,0
Manhattan,Female,"Asian/Pacific
Islander",1,4.1,1,100,1,4.1
Manhattan,Female,Latino/Hispanic,2,10.8,1,50,1,5.4
Manhattan,Male,"Asian/Pacific
Islander",2,9.8,0,0,0,0
Manhattan,Male,Black,6,105.4,0,0,1,17.6
Manhattan,Male,Latino/Hispanic,5,32.4,3,60,5,32.4
Manhattan,Male,White,4,9.9,2,50,7,17.3
Manhattan,Female,Latino/Hispanic,1,9.2,0,0,0,0
Manhattan,Male,Black,1,40.5,0,0,2,81.1
Manhattan,Male,Latino/Hispanic,1,11.5,0,0,2,23
Manhattan,Male,White,5,7.7,0,0,1,1.5
Manhattan,Female,Other/Unknown,1,50.2,0,0,0,0
Manhattan,Male,"Asian/Pacific
Islander",1,11.8,1,100,2,23.5
Manhattan,Male,Black,6,119.6,1,16.7,6,119.6
Manhattan,Male,Latino/Hispanic,3,21.2,1,33.3,9,63.7
Manhattan,Male,White,8,12.6,3,37.5,5,7.9
Manhattan,Female,Black,1,7,0,0,5,34.8
Manhattan,Female,Latino/Hispanic,5,6.5,2,40,4,5.2
Manhattan,Male,Black,17,132.4,2,11.8,7,54.5
Manhattan,Male,Latino/Hispanic,24,33.6,3,12.5,10,14
Manhattan,Male,Other/Unknown,2,115.5,1,50,1,57.8
Manhattan,Male,White,7,27.2,2,28.6,4,15.6
Queens,Female,"Asian/Pacific
Islander",3,1,0,0,1,0.3
Queens,Female,Black,21,10.4,2,9.5,11,5.5
Queens,Female,Latino/Hispanic,12,4.3,1,8.3,3,1.1
Queens,Female,White,5,1.9,1,20,3,1.1
Queens,Male,"Asian/Pacific
Islander",33,12.5,8,24.2,12,4.5
Queens,Male,Black,61,35.9,12,19.7,37,21.8
Queens,Male,Latino/Hispanic,112,40,28,25,55,19.6
Queens,Male,Other/Unknown,2,9.5,0,0,2,9.5
Queens,Male,White,33,12.6,8,24.2,12,4.6
Queens,Female,"Asian/Pacific
Islander",1,1.6,0,0,0,0
Queens,Male,"Asian/Pacific
Islander",5,8.8,1,20,2,3.5
Queens,Male,Black,2,106.1,1,50,1,53
Queens,Male,Latino/Hispanic,8,40.5,1,12.5,2,10.1
Queens,Male,White,1,3.3,0,0,1,3.3
Queens,Male,"Asian/Pacific
Islander",1,6.3,1,100,1,6.3
Queens,Male,Latino/Hispanic,2,28.6,1,50,1,14.3
Queens,Female,"Asian/Pacific
Islander",2,6.4,0,0,1,3.2
Queens,Female,Black,5,6.1,0,0,5,6.1
Queens,Female,Latino/Hispanic,3,13.3,0,0,0,0
Queens,Female,White,1,10.2,1,100,2,20.4
Queens,Male,"Asian/Pacific
Islander",5,16.7,1,20,2,6.7
Queens,Male,Black,21,32.1,4,19,12,18.3
Queens,Male,Latino/Hispanic,8,35,3,37.5,8,35
Queens,Male,Other/Unknown,1,27.3,0,0,0,0
Queens,Female,Black,2,35.7,1,50,1,17.8
Queens,Female,Latino/Hispanic,1,4.5,0,0,0,0
Queens,Female,White,1,2.2,0,0,0,0
Queens,Male,"Asian/Pacific
Islander",6,37.8,2,33.3,2,12.6
Queens,Male,Black,2,43.5,0,0,6,130.4
Queens,Male,Latino/Hispanic,11,50.3,2,18.2,6,27.4
Queens,Male,White,11,22.4,3,27.3,3,6.1
Queens,Female,Latino/Hispanic,1,2.9,0,0,0,0
Queens,Female,White,2,3.3,0,0,0,0
Queens,Male,"Asian/Pacific
Islander",1,5.2,0,0,0,0
Queens,Male,Black,5,187.7,1,20,1,37.5
Queens,Male,Latino/Hispanic,12,38.2,2,16.7,5,15.9
Queens,Male,White,7,12.4,2,28.6,2,3.5
Queens,Female,Black,3,13.1,0,0,1,4.4
Queens,Male,"Asian/Pacific
Islander",1,33.7,1,100,1,33.7
Queens,Male,Black,9,49.3,2,22.2,6,32.9
Queens,Male,Latino/Hispanic,4,33.1,1,25,2,16.6
Queens,Male,White,3,16,0,0,0,0
Queens,Female,Black,6,10.3,0,0,0,0
Queens,Male,Black,12,24.4,2,16.7,5,10.2
Queens,Male,Latino/Hispanic,5,43.8,0,0,0,0
Queens,Female,Black,3,23.3,1,33.3,1,7.8
Queens,Female,Latino/Hispanic,2,4.8,0,0,0,0
Queens,Male,"Asian/Pacific
Islander",7,18.3,0,0,1,2.6
Queens,Male,Black,8,67.1,2,25,3,25.2
Queens,Male,Latino/Hispanic,9,22.3,3,33.3,5,12.4
Queens,Male,Other/Unknown,1,20.4,0,0,0,0
Queens,Male,White,1,4.1,1,100,2,8.2
Queens,Female,Black,2,20.8,0,0,3,31.2
Queens,Female,Latino/Hispanic,5,5.4,1,20,2,2.1
Queens,Female,White,1,3.1,0,0,1,3.1
Queens,Male,"Asian/Pacific
Islander",7,13.4,2,28.6,3,5.8
Queens,Male,Black,2,16.8,0,0,2,16.8
Queens,Male,Latino/Hispanic,53,48.9,15,28.3,26,24
Queens,Male,White,10,30.9,2,20,3,9.3
"Staten
Island",Female,"Asian/Pacific
Islander",1,4.1,0,0,0,0
"Staten
Island",Female,Black,1,4.9,0,0,1,4.9
"Staten
Island",Female,Latino/Hispanic,3,8.1,0,0,0,0
"Staten
Island",Male,"Asian/Pacific
Islander",2,8.7,0,0,0,0
"Staten
Island",Male,Black,10,57,1,10,5,28.5
"Staten
Island",Male,Latino/Hispanic,4,11.2,0,0,5,14
"Staten
Island",Male,Other/Unknown,2,70.7,1,50,1,35.4
"Staten
Island",Male,White,4,3.2,3,75,6,4.8
"Staten
Island",Female,Black,1,12.5,0,0,1,12.5
"Staten
Island",Female,Latino/Hispanic,1,9.9,0,0,0,0
"Staten
Island",Male,"Asian/Pacific
Islander",2,83.8,0,0,0,0
"Staten
Island",Male,Black,3,43.6,0,0,1,14.5
"Staten
Island",Male,Latino/Hispanic,1,9.9,0,0,0,0
"Staten
Island",Male,Latino/Hispanic,2,20.5,0,0,2,20.5
"Staten
Island",Male,Other/Unknown,2,218.7,1,50,1,109.3
"Staten
Island",Male,White,2,3.1,1,50,2,3.1
"Staten
Island",Female,Latino/Hispanic,2,18.9,0,0,0,0
"Staten
Island",Male,Black,6,73.1,1,16.7,2,24.4
"Staten
Island",Male,Latino/Hispanic,1,9.7,0,0,3,29
"Staten
Island",Male,White,2,7.6,2,100,4,15.2
"Staten
Island",Female,"Asian/Pacific
Islander",1,12.1,0,0,0,0
"Staten
Island",Male,Black,1,82.9,0,0,2,165.8
Bronx,Female,Black,52,27.9,12,23.1,55,29.5
Bronx,Female,Latino/Hispanic,32,9.1,7,21.9,27,7.6
Bronx,Female,White,3,5.3,0,0,3,5.3
Bronx,Male,"Asian/Pacific
Islander",6,25,4,66.7,5,20.8
Bronx,Male,Black,102,64.2,18,17.6,98,61.7
Bronx,Male,Latino/Hispanic,162,53.6,27,16.7,94,31.1
Bronx,Male,Other/Unknown,2,31.9,0,0,2,31.9
Bronx,Male,White,12,22.2,2,16.7,11,20.3
Bronx,Female,Black,11,44.9,2,18.2,15,61.2
Bronx,Female,Latino/Hispanic,10,16.1,3,30,5,8
Bronx,Female,White,1,60.5,0,0,2,120.9
Bronx,Male,"Asian/Pacific
Islander",1,54.5,1,100,1,54.5
Bronx,Male,Black,18,80.7,2,11.1,21,94.2
Bronx,Male,Latino/Hispanic,32,61.4,3,9.4,25,48
Bronx,Male,White,2,111.1,1,50,4,222.1
Bronx,Female,Black,7,28,2,28.6,12,47.9
Bronx,Female,Latino/Hispanic,6,8,1,16.7,4,5.3
Bronx,Female,White,1,12.7,0,0,0,0
Bronx,Male,"Asian/Pacific
Islander",1,25,1,100,2,49.9
Bronx,Male,Black,17,75.7,3,17.6,21,93.5
Bronx,Male,Latino/Hispanic,38,57.6,9,23.7,27,41
Bronx,Female,Black,9,29.6,0,0,6,19.7
Bronx,Female,Latino/Hispanic,7,12,2,28.6,6,10.3
Bronx,Male,Black,11,41.2,4,36.4,15,56.2
Bronx,Male,Latino/Hispanic,37,74.6,10,27,16,32.3
Bronx,Male,White,1,45.3,0,0,1,45.3
Bronx,Female,Black,3,18.4,1,33.3,7,42.9
Bronx,Female,Latino/Hispanic,2,4.9,0,0,3,7.4
Bronx,Female,White,1,93.6,0,0,1,93.6
Bronx,Male,Black,15,102.6,0,0,8,54.7
Bronx,Male,Latino/Hispanic,19,52.4,2,10.5,13,35.9
Bronx,Male,White,4,347.5,0,0,2,173.8
Bronx,Female,Latino/Hispanic,2,10,0,0,1,5
Bronx,Male,Black,2,48.2,1,50,2,48.2
Bronx,Male,Latino/Hispanic,8,51,0,0,0,0
Bronx,Female,Black,14,24.3,6,42.9,8,13.9
Bronx,Female,Latino/Hispanic,3,11.9,0,0,3,11.9
Bronx,Male,"Asian/Pacific
Islander",1,25.6,0,0,0,0
Bronx,Male,Black,25,54.8,2,8,15,32.9
Bronx,Male,Latino/Hispanic,8,38.7,1,12.5,4,19.4
Bronx,Male,Other/Unknown,1,80.6,0,0,0,0
Bronx,Male,White,1,13.9,0,0,0,0
Bronx,Female,Black,8,29.4,1,12.5,4,14.7
Bronx,Female,Latino/Hispanic,2,2.8,1,50,5,7
Bronx,Male,"Asian/Pacific
Islander",2,18.1,1,50,1,9.1
Bronx,Male,Black,14,61.1,6,42.9,16,69.8
Bronx,Male,Latino/Hispanic,20,32.3,2,10,9,14.6
Bronx,Male,White,4,19.8,1,25,1,5
Brooklyn,Female,"Asian/Pacific
Islander",3,2,1,33.3,1,0.7
Brooklyn,Female,Black,49,13.1,9,18.4,54,14.5
Brooklyn,Female,Latino/Hispanic,15,7.1,2,13.3,13,6.2
Brooklyn,Female,Other/Unknown,1,4.5,0,0,0,0
Brooklyn,Female,White,5,1.2,1,20,3,0.7
Brooklyn,Male,"Asian/Pacific
Islander",22,16.4,5,22.7,5,3.7
Brooklyn,Male,Black,198,68.7,40,20.2,107,37.1
Brooklyn,Male,Latino/Hispanic,77,39.3,20,26,44,22.4
Brooklyn,Male,Other/Unknown,4,21.6,1,25,2,10.8
Brooklyn,Male,White,42,10.7,7,16.7,17,4.3
Brooklyn,Female,Black,9,9.3,2,22.2,13,13.5
Brooklyn,Female,Latino/Hispanic,7,33.1,0,0,2,9.4
Brooklyn,Female,White,1,3.3,0,0,0,0
Brooklyn,Male,"Asian/Pacific
Islander",3,61.4,0,0,1,20.5
Brooklyn,Male,Black,73,98.4,20,27.4,40,53.9
Brooklyn,Male,Latino/Hispanic,15,87.2,3,20,6,34.9
Brooklyn,Male,Other/Unknown,1,39.5,0,0,0,0
Brooklyn,Male,White,6,19.7,2,33.3,5,16.4
Brooklyn,Female,"Asian/Pacific
Islander",1,3.7,0,0,0,0
Brooklyn,Female,Black,1,51,0,0,0,0
Brooklyn,Female,White,2,4.1,1,50,1,2
Brooklyn,Male,"Asian/Pacific
Islander",2,8,0,0,0,0
Brooklyn,Male,Latino/Hispanic,1,7.1,0,0,1,7.1
Brooklyn,Female,"Asian/Pacific
Islander",1,3.1,1,100,1,3.1
Brooklyn,Female,Black,2,29.4,0,0,0,0
Brooklyn,Female,White,1,1.3,0,0,0,0
Brooklyn,Male,"Asian/Pacific
Islander",2,6.2,1,50,1,3.1
Brooklyn,Male,Black,5,88.5,0,0,2,35.4
Brooklyn,Male,Latino/Hispanic,1,5.8,0,0,0,0
Brooklyn,Male,White,3,4.2,0,0,1,1.4
Brooklyn,Female,"Asian/Pacific
Islander",1,19.2,0,0,0,0
Brooklyn,Female,Black,8,12.3,1,12.5,4,6.2
Brooklyn,Female,Latino/Hispanic,1,10.6,1,100,1,10.6
Brooklyn,Male,Black,16,33.1,3,18.8,7,14.5
Brooklyn,Male,Latino/Hispanic,3,41.5,0,0,0,0
Brooklyn,Male,White,1,6.1,0,0,0,0
Brooklyn,Female,Black,2,20.8,0,0,2,20.8
Brooklyn,Female,Latino/Hispanic,2,13.7,0,0,1,6.8
Brooklyn,Female,White,1,1.2,0,0,2,2.4
Brooklyn,Male,"Asian/Pacific
Islander",5,21.4,1,20,1,4.3
Brooklyn,Male,Black,5,79.3,0,0,4,63.5
Brooklyn,Male,Latino/Hispanic,2,14.6,0,0,3,21.9
Brooklyn,Male,White,8,11.1,3,37.5,5,6.9
Brooklyn,Female,Black,2,10.8,1,50,4,21.7
Brooklyn,Female,Latino/Hispanic,1,5.5,0,0,1,5.5
Brooklyn,Male,"Asian/Pacific
Islander",1,10.2,1,100,1,10.2
Brooklyn,Male,Black,8,60.2,0,0,4,30.1
Brooklyn,Male,Latino/Hispanic,6,37.5,1,16.7,3,18.7
Brooklyn,Male,White,4,6.2,0,0,1,1.6
Brooklyn,Female,Black,16,16.5,2,12.5,14,14.4
Brooklyn,Female,Latino/Hispanic,1,7.2,0,0,2,14.4
Brooklyn,Female,Other/Unknown,1,34.7,0,0,0,0
Brooklyn,Male,"Asian/Pacific
Islander",2,49.6,1,50,1,24.8
Brooklyn,Male,Black,32,42.7,9,28.1,22,29.3
Brooklyn,Male,Latino/Hispanic,8,65.9,3,37.5,5,41.2
Brooklyn,Male,Other/Unknown,1,46.3,0,0,0,0
Brooklyn,Male,White,3,14.5,0,0,1,4.8
Brooklyn,Female,Black,6,12.5,3,50,10,20.8
Brooklyn,Female,Latino/Hispanic,2,6.5,1,50,3,9.7
Brooklyn,Male,"Asian/Pacific
Islander",1,23,0,0,0,0
Brooklyn,Male,Black,30,80.2,5,16.7,15,40.1
Brooklyn,Male,Latino/Hispanic,15,54.9,5,33.3,7,25.6
Brooklyn,Male,White,3,91.5,1,33.3,2,61
Brooklyn,Female,Black,1,40.5,0,0,0,0
Brooklyn,Male,"Asian/Pacific
Islander",1,27.1,1,100,0,0
Brooklyn,Male,Black,2,84.9,0,0,1,42.5
Brooklyn,Male,Latino/Hispanic,3,23.3,1,33.3,2,15.5
Brooklyn,Male,White,3,7.9,0,0,0,0
Brooklyn,Male,"Asian/Pacific
Islander",2,11.5,0,0,0,0
Brooklyn,Male,Black,1,51,0,0,0,0
Brooklyn,Male,Latino/Hispanic,4,18.2,1,25,4,18.2
Brooklyn,Male,White,1,10.8,0,0,0,0
Brooklyn,Female,Black,2,7.6,0,0,6,22.8
Brooklyn,Female,Latino/Hispanic,1,2.6,0,0,2,5.1
Brooklyn,Male,"Asian/Pacific
Islander",3,56.2,0,0,0,0
Brooklyn,Male,Black,26,120.7,3,11.5,11,51.1
Brooklyn,Male,Latino/Hispanic,19,52.6,6,31.6,13,36
Brooklyn,Male,Other/Unknown,2,139.4,1,50,1,69.7
Brooklyn,Male,White,10,40.5,1,10,1,4.1
Manhattan,Female,"Asian/Pacific
Islander",1,1,0,0,0,0
Manhattan,Female,Black,17,18.1,3,17.6,18,19.2
Manhattan,Female,Latino/Hispanic,9,4.9,2,22.2,11,6
Manhattan,Female,White,3,0.9,0,0,3,0.9
Manhattan,Male,"Asian/Pacific
Islander",12,15.3,3,25,3,3.8
Manhattan,Male,Black,111,134.6,20,18,61,74
Manhattan,Male,Latino/Hispanic,85,51,17,20,57,34.2
Manhattan,Male,Other/Unknown,4,33.2,2,50,2,16.6
Manhattan,Male,White,66,20.7,10,15.2,36,11.3
Manhattan,Female,Black,6,14.5,0,0,7,16.9
Manhattan,Female,Latino/Hispanic,1,5,0,0,0,0
Manhattan,Female,White,1,7.5,0,0,0,0
Manhattan,Male,"Asian/Pacific
Islander",1,24.2,1,100,1,24.2
Manhattan,Male,Black,33,95.3,6,18.2,21,60.7
Manhattan,Male,Latino/Hispanic,14,82.2,5,35.7,11,64.6
Manhattan,Male,Other/Unknown,1,63,1,100,1,63
Manhattan,Male,White,6,45.4,0,0,4,30.2
Manhattan,Female,"Asian/Pacific
Islander",1,7.6,0,0,0,0
Manhattan,Female,Black,1,32.1,0,0,0,0
Manhattan,Female,White,1,2.6,0,0,0,0
Manhattan,Male,"Asian/Pacific
Islander",2,18.4,0,0,0,0
Manhattan,Male,Black,14,368.1,2,14.3,7,184
Manhattan,Male,Latino/Hispanic,17,146.1,3,17.6,11,94.5
Manhattan,Male,Other/Unknown,1,63.6,0,0,0,0
Manhattan,Male,White,23,51.6,5,21.7,15,33.6
Manhattan,Female,Black,4,25.6,1,25,5,31.9
Manhattan,Female,Latino/Hispanic,1,4.6,0,0,3,13.7
Manhattan,Male,"Asian/Pacific
Islander",1,23.9,0,0,0,0
Manhattan,Male,Black,13,101,3,23.1,4,31.1
Manhattan,Male,Latino/Hispanic,11,55.3,3,27.3,9,45.2
Manhattan,Male,White,2,28.9,1,50,1,14.4
Manhattan,Female,Black,1,39.1,0,0,0,0
Manhattan,Female,Latino/Hispanic,1,15.7,1,100,1,15.7
Manhattan,Male,"Asian/Pacific
Islander",2,23.8,0,0,0,0
Manhattan,Male,Black,9,287.9,3,33.3,3,96
Manhattan,Male,Latino/Hispanic,6,99.6,2,33.3,4,66.4
Manhattan,Male,White,6,16.1,1,16.7,4,10.7
Manhattan,Female,Black,1,166.2,0,0,0,0
Manhattan,Male,Latino/Hispanic,1,32.3,0,0,0,0
Manhattan,Male,White,4,16.2,0,0,1,4
Manhattan,Male,Black,2,131.2,1,50,2,131.2
Manhattan,Male,White,2,12.9,0,0,1,6.4
Manhattan,Male,"Asian/Pacific
Islander",2,10.2,0,0,0,0
Manhattan,Male,Black,7,126.2,1,14.3,4,72.1
Manhattan,Male,Latino/Hispanic,6,40.1,2,33.3,3,20
Manhattan,Male,Other/Unknown,2,122.5,1,50,1,61.3
Manhattan,Male,White,4,11.1,1,25,5,13.9
Manhattan,Female,Black,1,36,0,0,0,0
Manhattan,Female,White,1,1.3,0,0,1,1.3
Manhattan,Male,"Asian/Pacific
Islander",2,22.6,1,50,1,11.3
Manhattan,Male,Black,6,249.1,2,33.3,3,124.6
Manhattan,Male,Latino/Hispanic,4,47.5,1,25,1,11.9
Manhattan,Male,White,6,10.1,1,16.7,3,5
Manhattan,Female,Black,1,15.7,1,100,3,47.2
Manhattan,Female,Latino/Hispanic,1,6.1,0,0,0,0
Manhattan,Male,Black,9,182.9,1,11.1,6,121.9
Manhattan,Male,Latino/Hispanic,3,21.8,0,0,2,14.5
Manhattan,Male,White,8,13.7,1,12.5,1,1.7
Manhattan,Female,Black,2,14.3,1,50,2,14.3
Manhattan,Female,Latino/Hispanic,5,6.7,1,20,3,4
Manhattan,Male,"Asian/Pacific
Islander",1,26.2,0,0,0,0
Manhattan,Male,Black,18,143.8,1,5.6,9,71.9
Manhattan,Male,Latino/Hispanic,23,33.3,1,4.3,14,20.2
Manhattan,Male,White,5,21.9,0,0,1,4.4
Queens,Female,"Asian/Pacific
Islander",3,1.1,2,66.7,5,1.8
Queens,Female,Black,25,12.7,7,28,18,9.1
Queens,Female,Latino/Hispanic,20,7.4,3,15,7,2.6
Queens,Female,Other/Unknown,3,13.4,1,33.3,2,8.9
Queens,Male,"Asian/Pacific
Islander",33,12.7,8,24.2,20,7.7
Queens,Male,Black,62,37.3,10,16.1,39,23.4
Queens,Male,Latino/Hispanic,124,45.2,29,23.4,73,26.6
Queens,Male,Other/Unknown,3,14.5,0,0,3,14.5
Queens,Male,White,21,8.4,3,14.3,13,5.2
Queens,Female,"Asian/Pacific
Islander",1,1.6,0,0,0,0
Queens,Male,"Asian/Pacific
Islander",3,5.4,1,33.3,3,5.4
Queens,Male,Black,3,161.2,0,0,0,0
Queens,Male,Latino/Hispanic,5,25.7,2,40,4,20.6
Queens,Male,White,1,3.4,0,0,2,6.9
Queens,Male,Black,4,153.8,1,25,1,38.5
Queens,Male,Latino/Hispanic,1,14.5,1,100,1,14.5
Queens,Female,Black,14,17.6,6,42.9,10,12.6
Queens,Female,Latino/Hispanic,2,9,0,0,1,4.5
Queens,Female,Other/Unknown,1,23,0,0,1,23
Queens,Male,"Asian/Pacific
Islander",5,16.9,1,20,1,3.4
Queens,Male,Black,21,32.7,5,23.8,12,18.7
Queens,Male,Latino/Hispanic,12,53.5,3,25,8,35.7
Queens,Male,White,3,29.8,1,33.3,1,9.9
Queens,Female,Black,3,55,1,33.3,3,55
Queens,Female,Latino/Hispanic,2,9,1,50,3,13.6
Queens,Male,"Asian/Pacific
Islander",4,25.7,1,25,3,19.3
Queens,Male,Black,6,133.9,1,16.7,5,111.6
Queens,Male,Latino/Hispanic,20,93.3,3,15,9,42
Queens,Male,White,7,15.1,1,14.3,4,8.6
Queens,Female,Black,1,34.3,0,0,0,0
Queens,Female,Latino/Hispanic,5,14.8,1,20,2,5.9
Queens,Male,Black,3,114.7,1,33.3,1,38.2
Queens,Male,Latino/Hispanic,14,45.5,4,28.6,7,22.8
Queens,Male,Other/Unknown,1,61.5,0,0,2,123.1
Queens,Male,White,7,12.9,1,14.3,3,5.5
Queens,Female,Black,1,4.5,0,0,0,0
Queens,Female,Latino/Hispanic,1,7.9,0,0,0,0
Queens,Male,"Asian/Pacific
Islander",1,34.1,0,0,1,34.1
Queens,Male,Black,8,44.7,1,12.5,4,22.4
Queens,Male,Latino/Hispanic,3,25.2,0,0,2,16.8
Queens,Female,Black,3,5.2,0,0,3,5.2
Queens,Female,Other/Unknown,2,78.9,1,50,1,39.5
Queens,Male,"Asian/Pacific
Islander",1,6.1,0,0,1,6.1
Queens,Male,Black,9,18.7,1,11.1,4,8.3
Queens,Male,Other/Unknown,1,43.3,0,0,0,0
Queens,Male,White,1,9.9,0,0,0,0
Queens,Female,Black,2,16,0,0,1,8
Queens,Female,Latino/Hispanic,3,7.4,1,33.3,1,2.5
Queens,Male,"Asian/Pacific
Islander",5,13.3,0,0,2,5.3
Queens,Male,Black,2,17.2,0,0,2,17.2
Queens,Male,Latino/Hispanic,14,35.4,3,21.4,5,12.6
Queens,Male,Other/Unknown,1,20.7,0,0,0,0
Queens,Male,White,1,4.2,0,0,3,12.7
Queens,Female,"Asian/Pacific
Islander",2,3.7,2,100,2,3.7
Queens,Female,Black,1,10.6,0,0,1,10.6
Queens,Female,Latino/Hispanic,7,7.6,0,0,0,0
Queens,Male,"Asian/Pacific
Islander",14,27.3,5,35.7,7,13.7
Queens,Male,Black,6,51.6,0,0,9,77.4
Queens,Male,Latino/Hispanic,55,51.9,13,23.6,36,34
Queens,Male,White,1,3.2,0,0,0,0
"Staten
Island",Female,Black,7,34.6,3,42.9,9,44.5
"Staten
Island",Female,Latino/Hispanic,1,2.7,0,0,4,10.7
"Staten
Island",Female,White,4,3.1,2,50,2,1.6
"Staten
Island",Male,"Asian/Pacific
Islander",2,8.2,0,0,0,0
"Staten
Island",Male,Black,11,63.2,1,9.1,3,17.2
"Staten
Island",Male,Latino/Hispanic,9,25,3,33.3,6,16.7
"Staten
Island",Male,White,6,4.9,1,16.7,4,3.3
"Staten
Island",Female,Black,1,12.5,1,100,4,50.2
"Staten
Island",Female,White,2,22,1,50,1,11
"Staten
Island",Male,Black,4,58.7,0,0,0,0
"Staten
Island",Male,Latino/Hispanic,2,19.6,1,50,2,19.6
"Staten
Island",Female,Black,2,162,1,50,1,81
"Staten
Island",Female,Latino/Hispanic,1,9.6,0,0,0,0
"Staten
Island",Female,White,1,1.5,1,100,1,1.5
"Staten
Island",Male,Latino/Hispanic,2,20.3,1,50,2,20.3
"Staten
Island",Male,White,4,6.3,1,25,1,1.6
"Staten
Island",Female,Black,4,41.8,1,25,4,41.8
"Staten
Island",Male,Black,7,86,1,14.3,3,36.9
"Staten
Island",Male,Latino/Hispanic,4,38.4,1,25,2,19.2
"Staten
Island",Male,White,2,7.7,0,0,0,0
"Staten
Island",Female,White,1,4,0,0,0,0
"Staten
Island",Male,"Asian/Pacific
Islander",2,24.2,0,0,0,0
"Staten
Island",Male,Latino/Hispanic,1,18.2,0,0,0,0
